hospital_id,timestamp,current_occupancy,staff_on_duty,avg_discharge_rate,emergency_incoming,target_prob
103,2023-01-01 00:00:00,0.8508815141002803,19,0.26491222917275115,7,0.3291154961973105
104,2023-01-01 01:00:00,0.7995951708815008,5,0.10674678361593712,8,0.3847892804191113
104,2023-01-01 02:00:00,0.4847082084058614,11,0.15881913055895405,0,0.6955871462823451
102,2023-01-01 03:00:00,0.9082605848179632,17,0.27791478978706774,1,0.3369577926373313
102,2023-01-01 04:00:00,0.44032525756406404,13,0.4563619425633886,6,0.5142980961804
101,2023-01-01 05:00:00,0.36968160270430506,11,0.41750424163970445,0,0.7797918578347655
102,2023-01-01 06:00:00,0.6542908068394087,5,0.5404605396073593,4,0.39793721500577545
103,2023-01-01 07:00:00,0.8786081905661802,6,0.10952453183611491,5,0.280629397966471
101,2023-01-01 08:00:00,0.4268403649451206,11,0.3689023390006755,7,0.5116329715296856
104,2023-01-01 09:00:00,0.7285225528338057,11,0.4973287142597643,7,0.3885976043357218
103,2023-01-01 10:00:00,0.7188005034707384,16,0.197459713970866,0,0.5491927601203046
101,2023-01-01 11:00:00,0.5703335108212347,14,0.18651649056790684,8,0.5010872464819036
103,2023-01-01 12:00:00,0.36820604616048963,13,0.19896413218428918,6,0.7168530121821898
101,2023-01-01 13:00:00,0.49581530248335454,11,0.1295171415009184,3,0.6071716141728537
104,2023-01-01 14:00:00,0.35712154689995984,8,0.5379067501080435,1,0.7138529568966603
104,2023-01-01 15:00:00,0.7467799553852931,9,0.5981322418027091,1,0.5043748297770715
103,2023-01-01 16:00:00,0.8374782404862329,12,0.18942282220987958,6,0.3209689675376682
102,2023-01-01 17:00:00,0.8698633682592658,10,0.49313573647720643,3,0.35015416990393794
102,2023-01-01 18:00:00,0.7306002812382586,6,0.29664700487326856,9,0.2663913346600076
104,2023-01-01 19:00:00,0.5425885139066269,14,0.19078075696193633,10,0.5264085746730349
102,2023-01-01 20:00:00,0.7135727097679971,10,0.21334338816620144,1,0.5612204395097946
101,2023-01-01 21:00:00,0.7424297180925287,10,0.3893318694447543,8,0.42044138522023305
103,2023-01-01 22:00:00,0.7106031378967442,6,0.21677928603779476,3,0.47170716601999907
104,2023-01-01 23:00:00,0.9053236295147398,10,0.3093905721018003,1,0.3483902606309562
102,2023-01-02 00:00:00,0.5631085030470464,7,0.16458821659001585,4,0.5133310170708574
104,2023-01-02 01:00:00,0.8527677367901156,7,0.2695464937180758,6,0.381635326043519
102,2023-01-02 02:00:00,0.7327453171340798,6,0.2594067883261745,10,0.34829197728599315
103,2023-01-02 03:00:00,0.43774456603311673,19,0.2748444181470542,6,0.561965291185759
101,2023-01-02 04:00:00,0.617436766794413,18,0.18181119262591264,4,0.5763920938774857
104,2023-01-02 05:00:00,0.4969373316143971,15,0.502967786268474,7,0.5832212263112454
102,2023-01-02 06:00:00,0.5509431107003686,14,0.3540706478030179,9,0.4425344090062991
102,2023-01-02 07:00:00,0.9049783002636214,11,0.15636752570922421,10,0.16087183783909498
103,2023-01-02 08:00:00,0.3629002170160261,12,0.24576118217517426,0,0.8301021522964205
102,2023-01-02 09:00:00,0.3478929545732443,20,0.3701418640614039,8,0.6444744663646128
102,2023-01-02 10:00:00,0.6042498539269033,5,0.40626069789810837,3,0.4664294009573902
104,2023-01-02 11:00:00,0.6886063373514517,13,0.565241202755022,10,0.3485356251724441
102,2023-01-02 12:00:00,0.41970979216782345,17,0.3276337343950386,1,0.7060626279946033
103,2023-01-02 13:00:00,0.7082936669286239,9,0.5413281873276536,1,0.5415506007215152
102,2023-01-02 14:00:00,0.4182545817866006,19,0.4345868597318099,1,0.7231469281331709
104,2023-01-02 15:00:00,0.6252211026442833,5,0.5192142827255696,8,0.48864259988043124
104,2023-01-02 16:00:00,0.7136672901466017,13,0.29137742078090856,1,0.47318649996059886
103,2023-01-02 17:00:00,0.6510938671149966,19,0.49828657228942574,5,0.4171857029329612
104,2023-01-02 18:00:00,0.4159020780322076,15,0.3021589303675529,4,0.5777749632692138
102,2023-01-02 19:00:00,0.5949836775267331,19,0.16736760868077358,10,0.4942642950193966
102,2023-01-02 20:00:00,0.5723606614492642,14,0.3282407526799551,2,0.6027338447389103
104,2023-01-02 21:00:00,0.6162642180372033,14,0.5443775119074525,7,0.49218919163718816
104,2023-01-02 22:00:00,0.34942000255086597,19,0.4479127999585234,0,0.7636062612817064
101,2023-01-02 23:00:00,0.9471439373297501,15,0.5923956428965347,5,0.3040013495770766
104,2023-01-03 00:00:00,0.4712411132737222,15,0.45103185284539093,4,0.6558342154713499
101,2023-01-03 01:00:00,0.4783711034372188,20,0.46417921613880897,9,0.5580379080390735
104,2023-01-03 02:00:00,0.8604293967759664,20,0.5840518545499966,9,0.19314134732335364
101,2023-01-03 03:00:00,0.38319733905735087,15,0.4195952413573669,0,0.6486363733985571
102,2023-01-03 04:00:00,0.822400154960081,19,0.49377206523299055,1,0.35659469511896874
103,2023-01-03 05:00:00,0.8396667708762524,15,0.10812585163919183,6,0.2908587166784554
101,2023-01-03 06:00:00,0.551609123306567,9,0.5342181088927282,3,0.6238973617898025
103,2023-01-03 07:00:00,0.32517465622581543,9,0.48454616492108826,0,0.8451020871694326
102,2023-01-03 08:00:00,0.8178667781590423,13,0.23170352729755098,9,0.3771872540129032
102,2023-01-03 09:00:00,0.5434860963243111,20,0.3777949976759831,2,0.5069318964252153
104,2023-01-03 10:00:00,0.7180531700897286,9,0.5991139952029848,5,0.3844201677240841
103,2023-01-03 11:00:00,0.5421835496230265,11,0.389381816650778,4,0.6319253240075612
101,2023-01-03 12:00:00,0.6296834392530952,10,0.28000848257016986,0,0.5702389319564455
103,2023-01-03 13:00:00,0.6029675814710155,19,0.12745370685517685,7,0.5644077563556996
102,2023-01-03 14:00:00,0.6698803478057838,12,0.5838412361806627,3,0.452053441943417
102,2023-01-03 15:00:00,0.6831991266206439,9,0.23131415223729787,1,0.554561488074878
101,2023-01-03 16:00:00,0.32656563757329954,11,0.36072768425103274,7,0.7254746289741805
104,2023-01-03 17:00:00,0.39753083849123927,8,0.47985208495437826,1,0.7672849576500446
101,2023-01-03 18:00:00,0.7838837175306619,8,0.589267871026882,4,0.456598614343576
103,2023-01-03 19:00:00,0.7262021912701512,6,0.4966814182699264,8,0.34681062893484943
101,2023-01-03 20:00:00,0.8748519469017562,7,0.3045527273627894,6,0.25038831852704735
103,2023-01-03 21:00:00,0.3791038934517047,12,0.3895209545369368,8,0.6634102198588703
103,2023-01-03 22:00:00,0.38786032733702414,14,0.31103014452261557,6,0.6858141734965273
102,2023-01-03 23:00:00,0.5521939202583562,16,0.426243163462226,6,0.45290964710852344
104,2023-01-04 00:00:00,0.39459100761219845,18,0.4115958951396155,5,0.7421857908557077
103,2023-01-04 01:00:00,0.8455205369291783,6,0.43381845060240964,0,0.32825470078149777
103,2023-01-04 02:00:00,0.8955177452454495,20,0.10518122415497952,4,0.36237538675194975
104,2023-01-04 03:00:00,0.6148197522799903,10,0.4807750894866676,6,0.5223560783155169
104,2023-01-04 04:00:00,0.31450156250395744,20,0.4252160406340455,10,0.6247691979855556
104,2023-01-04 05:00:00,0.6081578949553601,6,0.4942646504825903,5,0.43083453126841276
103,2023-01-04 06:00:00,0.44924240284881795,12,0.384820342875417,8,0.478565084454541
104,2023-01-04 07:00:00,0.7865016433619598,20,0.14120189072249037,3,0.3487389001992589
104,2023-01-04 08:00:00,0.6301597190726269,20,0.4631791060174415,0,0.5279205006484744
103,2023-01-04 09:00:00,0.6597905982459498,11,0.3683023588883675,8,0.34668317670791693
104,2023-01-04 10:00:00,0.3011585492610441,11,0.5994622301744872,5,0.7686597650504342
102,2023-01-04 11:00:00,0.3014825878004702,14,0.5612084501339635,4,0.7688084537186693
102,2023-01-04 12:00:00,0.6673086291249243,10,0.41838040183259817,3,0.5831081291027371
101,2023-01-04 13:00:00,0.7400904205007046,8,0.1286877304811712,4,0.43057959755542996
104,2023-01-04 14:00:00,0.7731018704920494,16,0.17771232971790876,10,0.22997829114747986
101,2023-01-04 15:00:00,0.8245092139272534,8,0.21282777996038885,4,0.3695736062264349
102,2023-01-04 16:00:00,0.5213155996885614,13,0.4922768987486228,2,0.5764972773306974
104,2023-01-04 17:00:00,0.6448821255614804,13,0.3121226093176346,6,0.36990791940880235
104,2023-01-04 18:00:00,0.9231032327941442,18,0.22791605474142082,1,0.26411754631044637
103,2023-01-04 19:00:00,0.4587201314961134,18,0.16162066977489106,4,0.5342220563621135
101,2023-01-04 20:00:00,0.5180807914912824,10,0.5658071469724981,4,0.5006142475759644
101,2023-01-04 21:00:00,0.586187925902621,11,0.5926116714508076,4,0.5456688254213236
104,2023-01-04 22:00:00,0.8038881223025658,6,0.3899839987239425,4,0.3940025781326885
104,2023-01-04 23:00:00,0.5842538639498829,10,0.11117439425960948,10,0.4672868484848314
104,2023-01-05 00:00:00,0.5234577721411015,8,0.28723823879609556,0,0.5427853672609444
102,2023-01-05 01:00:00,0.5537071684585677,12,0.3243838520138923,2,0.5812639086216115
104,2023-01-05 02:00:00,0.7366603248507737,7,0.271871514470051,1,0.39436939837176743
101,2023-01-05 03:00:00,0.5247479826989755,20,0.1386663472708298,9,0.5452276009634164
103,2023-01-05 04:00:00,0.3897548485949914,17,0.4736681898884182,0,0.8162572190050252
104,2023-01-05 05:00:00,0.901651242538416,11,0.41434257689823095,1,0.26239204634893254
103,2023-01-05 06:00:00,0.4804600646641916,11,0.19189171487232196,10,0.5980593638956765
103,2023-01-05 07:00:00,0.5391166192905708,5,0.41446448122946644,3,0.6498494737589746
104,2023-01-05 08:00:00,0.5015189364051166,17,0.12274488319161761,7,0.537864476793515
102,2023-01-05 09:00:00,0.46150550062742535,16,0.5236235029729464,7,0.5988974170056298
104,2023-01-05 10:00:00,0.6483956832975839,13,0.4613560501604026,8,0.3736341149474677
102,2023-01-05 11:00:00,0.7290654593031556,14,0.43879141970063795,6,0.46447290650887696
103,2023-01-05 12:00:00,0.5794270335795885,6,0.10156047733434462,9,0.5082821588419558
103,2023-01-05 13:00:00,0.687619278083414,12,0.1748403836317712,3,0.38663997290642227
104,2023-01-05 14:00:00,0.9355395062281866,12,0.5771426540964731,6,0.3410179209006666
103,2023-01-05 15:00:00,0.30266490825400744,14,0.30687671056223764,2,0.6899123976196591
104,2023-01-05 16:00:00,0.7894418216930135,6,0.5143976044338349,4,0.2918011602570178
102,2023-01-05 17:00:00,0.8984884573083061,6,0.40357675703773466,5,0.33399499767610963
103,2023-01-05 18:00:00,0.7377529214031291,14,0.11192156730879707,9,0.3316020569312855
102,2023-01-05 19:00:00,0.30351510515493996,9,0.4866461430963337,4,0.7981929257420445
102,2023-01-05 20:00:00,0.6703458154845636,6,0.4722501941037428,10,0.35192006057330266
104,2023-01-05 21:00:00,0.8613605780272326,15,0.44467946575935524,7,0.23977996693492168
101,2023-01-05 22:00:00,0.8691080978047951,14,0.4775314936701055,10,0.21141127717373515
103,2023-01-05 23:00:00,0.5456922009706622,19,0.32813014989163003,3,0.5655829273222522
101,2023-01-06 00:00:00,0.3914126789846348,9,0.49071658114540473,8,0.6883139486743896
101,2023-01-06 01:00:00,0.3134232550609361,15,0.39585640910573217,7,0.6335287997313411
104,2023-01-06 02:00:00,0.9454216837399143,5,0.4855303225699231,9,0.16289796474006965
104,2023-01-06 03:00:00,0.35259310336432353,11,0.10348933481281988,1,0.8238571579201066
102,2023-01-06 04:00:00,0.8038235701272252,12,0.5616419590155718,5,0.32589746431920624
103,2023-01-06 05:00:00,0.71444770979702,16,0.31102185098823454,5,0.39157670944050443
104,2023-01-06 06:00:00,0.5359115136626044,20,0.5800779830676245,7,0.5825820084793056
102,2023-01-06 07:00:00,0.30665863849274066,5,0.3390995975741826,3,0.7697499425536141
101,2023-01-06 08:00:00,0.6293254788424743,15,0.43716951447828634,4,0.5595263929170173
102,2023-01-06 09:00:00,0.614488180130005,20,0.2980166504021803,7,0.4419930361818154
104,2023-01-06 10:00:00,0.4656911585345672,6,0.23691612806009152,1,0.5768806154125545
103,2023-01-06 11:00:00,0.35423372262766234,13,0.52335430113071,4,0.6658357672270238
104,2023-01-06 12:00:00,0.7994337132587301,12,0.29442813267229784,5,0.3603245541955978
104,2023-01-06 13:00:00,0.9055368143098323,15,0.39275665620005307,6,0.21523431577758592
102,2023-01-06 14:00:00,0.6203177985456712,13,0.3815479595577944,9,0.5290066087745514
103,2023-01-06 15:00:00,0.36130733817009336,10,0.4717018410905953,8,0.6985735092292483
101,2023-01-06 16:00:00,0.9411803478081668,16,0.37682610412634954,3,0.24195073375042228
103,2023-01-06 17:00:00,0.8958764174625844,18,0.21734004814187777,7,0.22190504331747002
102,2023-01-06 18:00:00,0.5185123530755639,6,0.3431891745853144,2,0.6181832702687933
101,2023-01-06 19:00:00,0.7630658474189644,10,0.29042401182469524,2,0.34907344478430535
102,2023-01-06 20:00:00,0.743117823869812,16,0.31995193610312034,0,0.532460573218094
103,2023-01-06 21:00:00,0.7353925887879856,15,0.10691599434812413,8,0.43226895860638737
101,2023-01-06 22:00:00,0.653121595332334,5,0.2095624389419087,2,0.44560128903260604
102,2023-01-06 23:00:00,0.36534901356472027,6,0.5485348534660713,0,0.6693399334858865
103,2023-01-07 00:00:00,0.8454873776530973,7,0.11433216401007265,7,0.38642385935838564
104,2023-01-07 01:00:00,0.8453694903973679,10,0.3724598270882188,0,0.41350822616299354
104,2023-01-07 02:00:00,0.33133848132246624,9,0.37474292943861864,2,0.7173620662783475
103,2023-01-07 03:00:00,0.4190575789594196,10,0.39283738192570905,1,0.6374821433888865
104,2023-01-07 04:00:00,0.33621168549096325,14,0.5816652976512294,8,0.5675957103753366
103,2023-01-07 05:00:00,0.6523005027384884,6,0.46104285661762645,9,0.4556410935310976
103,2023-01-07 06:00:00,0.9233411704938741,14,0.22414724289207308,2,0.3892846878037768
103,2023-01-07 07:00:00,0.6931915472930289,14,0.46328187858076286,8,0.4729239737822467
104,2023-01-07 08:00:00,0.698399168499739,16,0.13844656931932928,5,0.46067087169513804
104,2023-01-07 09:00:00,0.904871314409611,7,0.15856261170321476,1,0.3959374913203463
103,2023-01-07 10:00:00,0.3541197421566399,19,0.4142644716304229,4,0.7471764165753865
104,2023-01-07 11:00:00,0.8718153449774659,9,0.5422842768044166,6,0.23719076354388388
101,2023-01-07 12:00:00,0.7432816752611013,10,0.4701509036775954,3,0.47064966104555117
104,2023-01-07 13:00:00,0.8167658282032664,11,0.30236070690842687,2,0.4657358974364937
103,2023-01-07 14:00:00,0.6351936803333484,19,0.2566497464433717,10,0.47811035609419594
103,2023-01-07 15:00:00,0.45716890723884884,18,0.10515792530374365,7,0.6314594162654308
102,2023-01-07 16:00:00,0.5319730694675137,14,0.5005283749256294,5,0.472700730889895
101,2023-01-07 17:00:00,0.7293731101021741,7,0.21826920520632206,4,0.44906666356016955
103,2023-01-07 18:00:00,0.7706971263104079,7,0.38279936274015725,8,0.38379329963141356
101,2023-01-07 19:00:00,0.8954032706908905,11,0.37483962382910163,1,0.4496813363749035
102,2023-01-07 20:00:00,0.39528698837515036,9,0.45876248443037393,0,0.821412609786497
102,2023-01-07 21:00:00,0.9300856540511979,17,0.42749336590983933,1,0.339940327550324
101,2023-01-07 22:00:00,0.4723133660748038,8,0.13964851301006168,3,0.6067870552291558
103,2023-01-07 23:00:00,0.9426078540351737,13,0.20022713818760265,4,0.25045607438369133
102,2023-01-08 00:00:00,0.760416347246459,7,0.13240057269197844,5,0.34716172918666216
104,2023-01-08 01:00:00,0.4770692131934571,8,0.3378943152026235,3,0.6226381236724525
104,2023-01-08 02:00:00,0.7144795533903104,5,0.2628175866344603,1,0.4534105354231083
101,2023-01-08 03:00:00,0.947216111921251,6,0.4137676716370703,10,0.1617193141102462
104,2023-01-08 04:00:00,0.45132075974364716,14,0.36394193908220107,2,0.7383703261312244
103,2023-01-08 05:00:00,0.6455919004321636,7,0.27866115998044283,9,0.4825339951534817
102,2023-01-08 06:00:00,0.5560700391434146,6,0.569546859347318,8,0.5105749695799919
102,2023-01-08 07:00:00,0.738715131770459,13,0.4853712627040039,6,0.4429582601763824
101,2023-01-08 08:00:00,0.41205016963850905,13,0.15213452836858718,5,0.6918883128363513
103,2023-01-08 09:00:00,0.7857176119978473,10,0.10472697938372486,7,0.4280822099194804
104,2023-01-08 10:00:00,0.5612981842234476,6,0.28129558678499134,2,0.5343942221345623
102,2023-01-08 11:00:00,0.7772149870462617,14,0.15162053805296885,6,0.2774957527649977
104,2023-01-08 12:00:00,0.5707543585178372,12,0.19183707833614397,9,0.5144194373754949
103,2023-01-08 13:00:00,0.7755086975051777,6,0.31108997179962794,3,0.4623108828842878
101,2023-01-08 14:00:00,0.8320983247051885,18,0.41079635458750197,7,0.4048357166617772
101,2023-01-08 15:00:00,0.7647517460584906,20,0.22872594717069525,10,0.35287933238215324
104,2023-01-08 16:00:00,0.7249023747756023,13,0.25306658561249884,5,0.512790018549469
104,2023-01-08 17:00:00,0.5962137388517172,20,0.1478997093137864,9,0.5274750126645277
101,2023-01-08 18:00:00,0.8411872090656516,20,0.29825166657809743,2,0.4703409086746767
104,2023-01-08 19:00:00,0.4700224263494823,9,0.5844742934224939,6,0.48304493855644137
102,2023-01-08 20:00:00,0.5903148465500061,18,0.28989595880548424,6,0.5381945469379181
104,2023-01-08 21:00:00,0.46008320952097237,12,0.4162438290804673,10,0.47052133157785125
102,2023-01-08 22:00:00,0.5629414268420783,15,0.527859415163655,6,0.42989987741972036
104,2023-01-08 23:00:00,0.8352860562951183,12,0.5204900286736235,8,0.20539015163746266
104,2023-01-09 00:00:00,0.7628044999559702,13,0.44635817254272014,2,0.42763385082665195
104,2023-01-09 01:00:00,0.7765373920151999,12,0.3124240893198388,8,0.2504064289847633
102,2023-01-09 02:00:00,0.3803618089204236,18,0.3448170554876844,0,0.7679186233065838
101,2023-01-09 03:00:00,0.6883516838979113,11,0.12958858334827497,6,0.35538239679076733
104,2023-01-09 04:00:00,0.7647417255532271,7,0.32287465123533166,4,0.4080067532883647
102,2023-01-09 05:00:00,0.9124724122690304,15,0.30258251285642956,6,0.20208040998100393
101,2023-01-09 06:00:00,0.5765576667459089,15,0.15458410189430707,5,0.43285838214564415
104,2023-01-09 07:00:00,0.7076260976875492,14,0.23056532346737954,2,0.45414575897442855
103,2023-01-09 08:00:00,0.49778736813034297,18,0.10003656913030287,8,0.4384451960108753
103,2023-01-09 09:00:00,0.5248070838670873,18,0.44631701194585927,5,0.5816146510060638
101,2023-01-09 10:00:00,0.49408952633233355,20,0.20027221700735068,10,0.5927690020734424
101,2023-01-09 11:00:00,0.6288948475318344,20,0.22412366909594847,2,0.6281754902962823
101,2023-01-09 12:00:00,0.5357000283217698,18,0.2528072053841176,5,0.6436057276212168
104,2023-01-09 13:00:00,0.45849661286358356,20,0.43388101444404314,2,0.7041619036190083
101,2023-01-09 14:00:00,0.5758741022234437,16,0.15889513626565968,10,0.46101963483551006
101,2023-01-09 15:00:00,0.6909881893101872,12,0.39482737625525743,6,0.42128278317360945
101,2023-01-09 16:00:00,0.7999815023036472,15,0.32304444242208863,10,0.3232195390165367
103,2023-01-09 17:00:00,0.34929437408469033,6,0.3935750888280639,6,0.5919548776630577
104,2023-01-09 18:00:00,0.5657604932398939,7,0.2809567662142466,5,0.4532411477903631
103,2023-01-09 19:00:00,0.8841403211220571,5,0.4405367120010749,10,0.28471056601611056
103,2023-01-09 20:00:00,0.5193507076897548,17,0.27059313101002813,1,0.5896963577479367
102,2023-01-09 21:00:00,0.41237405039700314,7,0.33613596838803905,8,0.6346087171637891
103,2023-01-09 22:00:00,0.3878977311709353,16,0.5892779163101162,1,0.7987138335660248
103,2023-01-09 23:00:00,0.8251872053730331,7,0.2623659096587474,9,0.3856420410261475
103,2023-01-10 00:00:00,0.6275289442014449,10,0.3848173410788013,10,0.47900672116381326
103,2023-01-10 01:00:00,0.7100189035691287,13,0.4524170339306467,0,0.5032398950549163
102,2023-01-10 02:00:00,0.8064911915075099,13,0.42321139973440325,2,0.3101454661079661
104,2023-01-10 03:00:00,0.3696142083933631,15,0.3874274451866079,0,0.7163085504277954
103,2023-01-10 04:00:00,0.4952783619852283,16,0.5087898703948762,4,0.6697088421305515
104,2023-01-10 05:00:00,0.4765608556948894,13,0.4461268922356617,7,0.48763346088245035
104,2023-01-10 06:00:00,0.4622811057095526,10,0.47318297063416126,6,0.6847872675542421
102,2023-01-10 07:00:00,0.7837177211208457,17,0.17590746284855677,8,0.25662322063970305
101,2023-01-10 08:00:00,0.9307089885938067,6,0.572169850226382,7,0.24075218273059013
102,2023-01-10 09:00:00,0.8310960073302041,7,0.577346012874962,0,0.3340257205054948
102,2023-01-10 10:00:00,0.4445359524729696,15,0.10452611614948917,2,0.7009746820494303
102,2023-01-10 11:00:00,0.5535570912812878,11,0.17648715119608074,0,0.5546825608044541
104,2023-01-10 12:00:00,0.9448036524234478,12,0.15466304661041683,4,0.194937507927677
103,2023-01-10 13:00:00,0.7404936809526842,20,0.3464642319802954,7,0.4590454657451911
102,2023-01-10 14:00:00,0.5901317951741194,10,0.3129646698296592,10,0.49621273325064674
102,2023-01-10 15:00:00,0.6751488720263799,13,0.5544156378169975,1,0.5855397769396119
104,2023-01-10 16:00:00,0.6477636982780117,7,0.105095272364814,2,0.46009683239174426
102,2023-01-10 17:00:00,0.650015623443116,7,0.3669249496518824,1,0.4998112240043455
102,2023-01-10 18:00:00,0.6732348778257431,11,0.46520933367152406,1,0.5581103228517625
103,2023-01-10 19:00:00,0.6943397455762503,15,0.5561065804657895,1,0.5447638754168824
103,2023-01-10 20:00:00,0.9116358342477939,12,0.3835953550843112,5,0.2308305669060208
101,2023-01-10 21:00:00,0.5641826136436847,8,0.3925870700601576,10,0.41766230063030196
103,2023-01-10 22:00:00,0.8894967944667329,14,0.4339997541567727,8,0.1685492908060915
101,2023-01-10 23:00:00,0.309830363529319,6,0.34701998846005844,6,0.6133377496880189
103,2023-01-11 00:00:00,0.8733498030266145,20,0.36363599073399533,8,0.275155956344153
101,2023-01-11 01:00:00,0.4384866590568326,10,0.449768491943383,10,0.4982699550717148
104,2023-01-11 02:00:00,0.40767134531198823,17,0.41247802568372216,2,0.7317103160449514
104,2023-01-11 03:00:00,0.45260542124565395,18,0.17220489357931293,4,0.595467727523395
103,2023-01-11 04:00:00,0.9093709416879809,17,0.4246788109257663,5,0.3061723014368174
102,2023-01-11 05:00:00,0.5497051466128486,6,0.276574944272159,1,0.5277271620512118
101,2023-01-11 06:00:00,0.7700603186925501,18,0.23131825296103034,8,0.3092321833110355
101,2023-01-11 07:00:00,0.5838236967915484,18,0.44229321724487225,7,0.5662157409621897
101,2023-01-11 08:00:00,0.6735487695822469,5,0.43552874822302,2,0.5756404716551715
103,2023-01-11 09:00:00,0.6585627133580731,5,0.3433520211618575,8,0.33111568566809474
103,2023-01-11 10:00:00,0.6710739550377427,11,0.15016016699108217,2,0.5894345645629127
104,2023-01-11 11:00:00,0.38803980175344865,16,0.5730639427553924,0,0.6524387211828259
103,2023-01-11 12:00:00,0.410021001800321,6,0.27103914478140223,3,0.6390546511440595
103,2023-01-11 13:00:00,0.5166741266471735,6,0.5545727873349346,6,0.5013675168891324
101,2023-01-11 14:00:00,0.6322619307087787,6,0.23950947397347752,10,0.48571319471801844
103,2023-01-11 15:00:00,0.7448606025644429,7,0.2769003406462486,0,0.4200743956033814
104,2023-01-11 16:00:00,0.45933000772701504,14,0.30810264497982787,9,0.47033407783813386
102,2023-01-11 17:00:00,0.38740707708474326,17,0.10551955514621628,5,0.6695182052223652
104,2023-01-11 18:00:00,0.6988658903048042,10,0.5861179563135331,0,0.5340146695908305
104,2023-01-11 19:00:00,0.7860550920670724,19,0.5212982621247734,1,0.3948466574453161
103,2023-01-11 20:00:00,0.4893520773943744,5,0.33541529568732187,4,0.6135194193798527
102,2023-01-11 21:00:00,0.5259720902096585,7,0.4555831839863803,6,0.6283386255554764
102,2023-01-11 22:00:00,0.824947102775885,20,0.4461371925318035,10,0.1994226288427441
104,2023-01-11 23:00:00,0.8534828420924043,8,0.2519724984924586,4,0.3507524588964388
101,2023-01-12 00:00:00,0.3915814899248848,9,0.24123267381142063,2,0.7240351900727954
102,2023-01-12 01:00:00,0.6435573107033463,6,0.37075742029849523,7,0.4609413917034193
101,2023-01-12 02:00:00,0.7710995782566678,18,0.3822526491665794,6,0.297556291442132
103,2023-01-12 03:00:00,0.3971780576197653,16,0.42673525457678574,5,0.5615937139980938
103,2023-01-12 04:00:00,0.41758515704598487,17,0.3707631943920461,0,0.8015450071096304
101,2023-01-12 05:00:00,0.41199102168390506,17,0.3007570249635826,10,0.5670895976705271
102,2023-01-12 06:00:00,0.49507788911170436,17,0.2321488900245877,10,0.5766450252748655
104,2023-01-12 07:00:00,0.6026701382754902,18,0.47353054118311566,10,0.33292265300529456
103,2023-01-12 08:00:00,0.43874006347929106,18,0.2178530564927604,2,0.7308608501664045
102,2023-01-12 09:00:00,0.8078612862075363,15,0.4378350252647907,0,0.37456234392663224
101,2023-01-12 10:00:00,0.8820542305205221,8,0.3114618704645703,5,0.24047628328942922
102,2023-01-12 11:00:00,0.3539909418151723,14,0.5445404749892774,0,0.7986821750909991
104,2023-01-12 12:00:00,0.4829255337658822,10,0.1364120165310078,2,0.5799039350493107
102,2023-01-12 13:00:00,0.930877626248775,19,0.4342144979081666,1,0.32774354866416155
102,2023-01-12 14:00:00,0.6395101962120112,19,0.4520050642700284,7,0.3693518368946567
101,2023-01-12 15:00:00,0.7112282175219559,14,0.26159909465750275,10,0.39936067164180955
104,2023-01-12 16:00:00,0.8576299503067726,8,0.3465519544297223,7,0.2773268648630561
103,2023-01-12 17:00:00,0.8694243038822704,15,0.5681070118766754,4,0.33602309735455665
103,2023-01-12 18:00:00,0.3782447323924082,18,0.4072909536329028,9,0.6445720526061899
101,2023-01-12 19:00:00,0.7974347098353964,11,0.4963765557180917,2,0.33749151008782674
103,2023-01-12 20:00:00,0.812783654381442,6,0.15162521561972045,2,0.34138040993530594
102,2023-01-12 21:00:00,0.7257161224927178,5,0.5964202271201883,5,0.32558212246049273
104,2023-01-12 22:00:00,0.5447395739515205,6,0.5261337212569902,2,0.5078717610253228
102,2023-01-12 23:00:00,0.9018585155713235,10,0.36928037540679215,4,0.2996203843795198
101,2023-01-13 00:00:00,0.5750822222064209,16,0.47260112899564455,5,0.5829068181012651
102,2023-01-13 01:00:00,0.740375004671829,5,0.49318222441733595,1,0.4661342403469014
101,2023-01-13 02:00:00,0.7589501429229603,13,0.2524115164024069,3,0.36875152842239906
103,2023-01-13 03:00:00,0.8915534126002747,7,0.2796791319148981,8,0.35411040268289085
101,2023-01-13 04:00:00,0.6572451294344457,18,0.39938810553826465,7,0.34920295003925045
102,2023-01-13 05:00:00,0.43311627822141857,20,0.5146003698613674,9,0.6042861997407725
104,2023-01-13 06:00:00,0.6672540643055335,12,0.41655954537243667,4,0.5127634299455468
104,2023-01-13 07:00:00,0.8796074575096451,17,0.4964251197455214,0,0.42729971235225694
102,2023-01-13 08:00:00,0.5696146585854087,11,0.43938185655766704,3,0.634744417792939
103,2023-01-13 09:00:00,0.7667838666537912,18,0.4528180338946107,7,0.37635771919609995
101,2023-01-13 10:00:00,0.7242875747572152,18,0.1361636286953075,10,0.3261633986334603
102,2023-01-13 11:00:00,0.9485581046088116,12,0.4580728271784742,1,0.3014704460693333
103,2023-01-13 12:00:00,0.8719313934529884,15,0.1288795261335511,7,0.3097341731481703
103,2023-01-13 13:00:00,0.8519323740922928,7,0.22917495962092901,6,0.36196582974578034
103,2023-01-13 14:00:00,0.7129343627413095,9,0.15218337289021136,5,0.33801765252614396
101,2023-01-13 15:00:00,0.4163898312230108,20,0.5392732182903147,10,0.460360713563979
104,2023-01-13 16:00:00,0.6344013411587437,7,0.3612103200415496,8,0.4819422747910196
101,2023-01-13 17:00:00,0.6668433512661538,14,0.48710065499848954,8,0.49444548990570497
102,2023-01-13 18:00:00,0.8514623521776052,9,0.3909136009798271,8,0.31995751488044266
104,2023-01-13 19:00:00,0.807981313920261,14,0.5021291584615809,1,0.45413289965840997
104,2023-01-13 20:00:00,0.821315611349797,9,0.28163545312349125,2,0.37087391886768667
103,2023-01-13 21:00:00,0.8671146739272739,20,0.28824336818177265,2,0.2844888442088872
102,2023-01-13 22:00:00,0.4703161286210882,16,0.10287890848032102,9,0.45254487436742813
101,2023-01-13 23:00:00,0.7477105505115896,12,0.4011921798974626,6,0.4166159862373072
103,2023-01-14 00:00:00,0.8695943681082658,12,0.43366420990219257,2,0.2955131581572393
103,2023-01-14 01:00:00,0.8112418088529698,13,0.3541595681970945,10,0.23432400784387122
103,2023-01-14 02:00:00,0.8391608235588461,6,0.3933196043229573,8,0.32431871792197436
101,2023-01-14 03:00:00,0.33864039659658307,11,0.5001721998196201,8,0.5807058934542053
101,2023-01-14 04:00:00,0.6398073693465796,14,0.20194760610959392,7,0.3942597611729955
101,2023-01-14 05:00:00,0.8192790220042399,19,0.450993141953432,10,0.2525287178996658
101,2023-01-14 06:00:00,0.6702674829417283,20,0.4560478670812693,0,0.4652061167768594
102,2023-01-14 07:00:00,0.7145576241161635,16,0.35280950771190545,6,0.36240921425288325
102,2023-01-14 08:00:00,0.41354946034977746,17,0.23760865921024718,7,0.5807918084942327
103,2023-01-14 09:00:00,0.30695134743405206,11,0.38815757452476185,7,0.7299054577631032
104,2023-01-14 10:00:00,0.6854943597407444,17,0.29197373780443703,8,0.4203134325932349
103,2023-01-14 11:00:00,0.31225635327228096,11,0.5690692986447009,5,0.7515034006223373
104,2023-01-14 12:00:00,0.9374633074008247,13,0.4336446839887351,6,0.22437827317460654
103,2023-01-14 13:00:00,0.637425304330651,8,0.22168772030112574,1,0.47171393533852884
103,2023-01-14 14:00:00,0.6714205035298455,13,0.18610384056902565,3,0.4540872479364416
103,2023-01-14 15:00:00,0.31016104539380457,20,0.14356194096284583,1,0.7320058459728211
104,2023-01-14 16:00:00,0.7741208145732776,8,0.4743091054723284,5,0.43790787682474086
101,2023-01-14 17:00:00,0.9476601522384065,16,0.5174015942274183,7,0.2611196243025329
101,2023-01-14 18:00:00,0.6264733124278714,17,0.4081408572431414,5,0.4146675611620443
103,2023-01-14 19:00:00,0.3764541321179542,16,0.3388829485652951,4,0.7482118789115673
101,2023-01-14 20:00:00,0.9277818693506097,16,0.4995801013020018,7,0.19477068623748808
102,2023-01-14 21:00:00,0.463254353597761,14,0.3411892598995063,9,0.5242452284795988
103,2023-01-14 22:00:00,0.3413833941893027,16,0.20363021726705324,1,0.7997596291364065
104,2023-01-14 23:00:00,0.6316864244360648,17,0.29015615690330765,3,0.5771070817686328
102,2023-01-15 00:00:00,0.6369362668585692,16,0.17852787884083546,7,0.5121875837151025
101,2023-01-15 01:00:00,0.3758261137664144,8,0.27569108124342134,4,0.6791580165740622
103,2023-01-15 02:00:00,0.5648639535930229,10,0.5203047119690237,2,0.5278651575882524
104,2023-01-15 03:00:00,0.9075155413879015,16,0.5003806235915319,4,0.24701409172310318
101,2023-01-15 04:00:00,0.39395271743575444,8,0.4367822714367068,3,0.597803305916107
101,2023-01-15 05:00:00,0.5849980337901977,20,0.47951441002132733,9,0.35868983951933736
103,2023-01-15 06:00:00,0.3698355483797891,5,0.2655910843221625,7,0.5916355342761356
103,2023-01-15 07:00:00,0.802619490018724,8,0.17810688349242434,1,0.5030232289112148
102,2023-01-15 08:00:00,0.4116732328277009,12,0.38365912474741704,6,0.5936433077612915
104,2023-01-15 09:00:00,0.6567029328939626,13,0.42868308293916946,2,0.5493884579958819
103,2023-01-15 10:00:00,0.9057277276359665,15,0.20451920529642123,1,0.3369251905363208
104,2023-01-15 11:00:00,0.638295822005592,16,0.3587711218259343,3,0.5846553795299105
101,2023-01-15 12:00:00,0.509911847000786,10,0.36521443595141345,1,0.574924512346609
101,2023-01-15 13:00:00,0.9151316384454242,7,0.24398223026107538,7,0.3200035077251643
102,2023-01-15 14:00:00,0.620053788598731,18,0.49001189058997763,1,0.6381756316018877
103,2023-01-15 15:00:00,0.7622292414757301,16,0.5910305984783555,2,0.4186312957139802
102,2023-01-15 16:00:00,0.6699342130094583,16,0.18771836989540389,4,0.39619715319250765
104,2023-01-15 17:00:00,0.4975166488931714,16,0.22858001353837074,8,0.620399845782326
104,2023-01-15 18:00:00,0.5810858443137341,12,0.5570614979550954,3,0.6408937852772069
101,2023-01-15 19:00:00,0.874855535180562,9,0.21926517478881272,6,0.3826021585740296
103,2023-01-15 20:00:00,0.6416790074326753,10,0.3003830038829145,0,0.4807601881735251
102,2023-01-15 21:00:00,0.40687090414479654,14,0.4745308643366044,4,0.7268983215414588
101,2023-01-15 22:00:00,0.5985393983244552,16,0.5505787916634192,5,0.46532406650884134
102,2023-01-15 23:00:00,0.8940837998653728,11,0.3870925492214927,5,0.39873007921246406
103,2023-01-16 00:00:00,0.4376940182906258,15,0.13377362477238006,4,0.5780386778111876
104,2023-01-16 01:00:00,0.4810453997804452,5,0.5877561345736296,8,0.5675472258296119
104,2023-01-16 02:00:00,0.43083390783261905,6,0.55262101575961,6,0.5594837920622168
104,2023-01-16 03:00:00,0.6540613848194556,10,0.3912448473440032,8,0.4512048456715776
102,2023-01-16 04:00:00,0.7198125765602831,15,0.2151678715965801,2,0.4451241205365808
102,2023-01-16 05:00:00,0.8195768918426685,8,0.5799660267446994,9,0.21831326849640414
103,2023-01-16 06:00:00,0.7497616735983774,16,0.20451788272649388,5,0.4414686173652318
101,2023-01-16 07:00:00,0.44246338815188396,10,0.15155986834545151,4,0.5694931627963952
102,2023-01-16 08:00:00,0.8471160650772509,13,0.5714060147297825,6,0.34795858432024485
102,2023-01-16 09:00:00,0.41635965335996167,10,0.3075724549391705,1,0.6691757471959566
104,2023-01-16 10:00:00,0.6475251109293612,8,0.25831195573480326,3,0.4979620096883378
102,2023-01-16 11:00:00,0.7796956199381746,17,0.4104676919967941,4,0.34794387539587496
104,2023-01-16 12:00:00,0.5815887713305674,19,0.5369963064271724,7,0.5697148230811027
102,2023-01-16 13:00:00,0.7175318356644675,10,0.2787405034536652,4,0.4990426176613241
103,2023-01-16 14:00:00,0.47295674490772077,7,0.245032552801037,0,0.6409114090534148
104,2023-01-16 15:00:00,0.7208343088940791,5,0.12071052813716635,4,0.45606185140908523
103,2023-01-16 16:00:00,0.7297520038198867,16,0.23593242826404834,10,0.29546460777471517
101,2023-01-16 17:00:00,0.9311371700740374,5,0.16612220981721085,7,0.30306989114662564
103,2023-01-16 18:00:00,0.833703879883126,7,0.3718629673668785,8,0.2937523915126249
101,2023-01-16 19:00:00,0.8208871608441592,12,0.5250376428702166,2,0.3594711415063282
104,2023-01-16 20:00:00,0.8911795831249822,18,0.12345213529950896,4,0.2382361541136761
102,2023-01-16 21:00:00,0.5837420574405587,10,0.5104453567831599,7,0.514848422914354
102,2023-01-16 22:00:00,0.7712457665667176,20,0.2962625484445477,2,0.5209039997482163
102,2023-01-16 23:00:00,0.7371742729415488,19,0.24315217344536386,8,0.31696875814379866
101,2023-01-17 00:00:00,0.38190703888739924,16,0.35633714030240526,8,0.5175245386670704
101,2023-01-17 01:00:00,0.770119472058895,19,0.45420905911813525,0,0.42764995581871923
101,2023-01-17 02:00:00,0.8064237555925549,17,0.5026415250981812,6,0.27669594773806216
104,2023-01-17 03:00:00,0.5689993672845239,13,0.4338348036846247,7,0.5799330911370352
104,2023-01-17 04:00:00,0.5884664262401327,19,0.26943579109575666,5,0.6056352287741272
102,2023-01-17 05:00:00,0.6168387740244209,19,0.26026203913283785,10,0.4219286764500205
101,2023-01-17 06:00:00,0.4759461482586494,10,0.16095513175485934,1,0.7450214098978533
101,2023-01-17 07:00:00,0.5962327062720154,5,0.2460952342254434,10,0.3908458238156032
103,2023-01-17 08:00:00,0.40073500843210186,18,0.16221059137739177,7,0.6447845991900075
102,2023-01-17 09:00:00,0.37882824383023084,6,0.29065151410814505,7,0.5658206308369842
103,2023-01-17 10:00:00,0.31405919699645674,13,0.32950115609129293,7,0.6518571491560696
103,2023-01-17 11:00:00,0.6070412255728181,5,0.11295784684320984,8,0.4367723796525864
103,2023-01-17 12:00:00,0.858113090481017,12,0.27721699498658414,8,0.3679765688531541
104,2023-01-17 13:00:00,0.6228732626282483,11,0.4061927096755732,3,0.5195189249121068
102,2023-01-17 14:00:00,0.4947930827964167,8,0.49010372377581546,6,0.5782539506341067
101,2023-01-17 15:00:00,0.390023575135643,11,0.47892757844545963,3,0.7176926535091005
102,2023-01-17 16:00:00,0.4150460054237825,8,0.17587493857412131,6,0.6517504486630109
102,2023-01-17 17:00:00,0.5474466503515996,17,0.5805736443167661,6,0.5005932527809757
102,2023-01-17 18:00:00,0.3300247152262361,13,0.19592019617008058,5,0.69835494668486
103,2023-01-17 19:00:00,0.6961215501032272,15,0.4423515539365336,10,0.3848305580493905
102,2023-01-17 20:00:00,0.5290156814265929,20,0.32832266451066194,8,0.5274994595664535
104,2023-01-17 21:00:00,0.4219869492057898,14,0.1872092705618291,3,0.7220722957847705
101,2023-01-17 22:00:00,0.5005378534331066,20,0.5944877652264638,9,0.6017451144639391
103,2023-01-17 23:00:00,0.8222700673261325,8,0.2422812008537145,6,0.2432661629526487
102,2023-01-18 00:00:00,0.8063027163452827,13,0.4752916417046219,0,0.47167345499703883
104,2023-01-18 01:00:00,0.3455307148155056,18,0.3048602897408853,1,0.6680731228079304
103,2023-01-18 02:00:00,0.4028107300307828,16,0.540344091078719,0,0.6616471334369559
102,2023-01-18 03:00:00,0.7857054604375662,10,0.3142699073909633,10,0.385184983708177
101,2023-01-18 04:00:00,0.8692424154871783,8,0.22832352740050807,7,0.29226571896924947
101,2023-01-18 05:00:00,0.42516021531925996,20,0.39796460935500466,0,0.6118838486245619
101,2023-01-18 06:00:00,0.6828130303710214,7,0.11269808160192277,10,0.2806450821676785
102,2023-01-18 07:00:00,0.8790025633071521,11,0.4727262132692873,0,0.3173632051770365
104,2023-01-18 08:00:00,0.7440720474122293,16,0.5100979264343384,5,0.39442873916287113
102,2023-01-18 09:00:00,0.8994637335693259,17,0.3048385415598125,10,0.2987235553836204
103,2023-01-18 10:00:00,0.733431578194655,18,0.10165798115864041,3,0.5328391533589584
103,2023-01-18 11:00:00,0.7900669469169486,6,0.439441449866242,3,0.48839790458700577
104,2023-01-18 12:00:00,0.6980145639819177,9,0.24167736550048372,8,0.42360175789063453
101,2023-01-18 13:00:00,0.3739579177196248,7,0.1461872907207449,2,0.7262045028647842
102,2023-01-18 14:00:00,0.5166957126994612,8,0.3886751710249422,6,0.48878736778304754
104,2023-01-18 15:00:00,0.4188945950668357,18,0.40176244715061504,10,0.473951386390946
101,2023-01-18 16:00:00,0.562511091298113,19,0.12320685333133849,5,0.5503855676523335
103,2023-01-18 17:00:00,0.3720661330994346,17,0.5803351817477412,3,0.6162149623220301
103,2023-01-18 18:00:00,0.6908514279722674,20,0.3703793468191847,3,0.5634234692606818
104,2023-01-18 19:00:00,0.7805601229311936,9,0.4173298362173783,3,0.3782047290309359
102,2023-01-18 20:00:00,0.39550388493565075,14,0.5209484063541008,6,0.6938717329310109
101,2023-01-18 21:00:00,0.361927425963417,12,0.24743152370292695,0,0.7068279975688607
104,2023-01-18 22:00:00,0.557610707563043,18,0.22377961137741567,2,0.536019871529653
104,2023-01-18 23:00:00,0.35272010035687595,5,0.22191668349452867,1,0.7207894789813915
104,2023-01-19 00:00:00,0.6640489879786541,5,0.2919849209097608,2,0.45946489285186143
104,2023-01-19 01:00:00,0.7528868603147992,19,0.557717189495161,4,0.31570106470142123
104,2023-01-19 02:00:00,0.5707278471611337,15,0.4836266378143633,7,0.5238263026394607
102,2023-01-19 03:00:00,0.8811680606717749,19,0.3875528650014114,4,0.3567488367443121
101,2023-01-19 04:00:00,0.4374083998159919,15,0.4973130637157934,5,0.5583318150554237
103,2023-01-19 05:00:00,0.33360966151344656,16,0.5273388248234196,4,0.635545070143165
104,2023-01-19 06:00:00,0.3592790498690719,16,0.425616281342152,7,0.680643660729594
102,2023-01-19 07:00:00,0.5307795889953733,14,0.21581775185184096,1,0.5251303235251343
103,2023-01-19 08:00:00,0.469982148546434,6,0.5544549603180345,7,0.5067217746567342
101,2023-01-19 09:00:00,0.3002899558994614,16,0.20814434337287266,5,0.7814621876752285
101,2023-01-19 10:00:00,0.5107964650358527,11,0.5865640415041559,3,0.6152240123544589
104,2023-01-19 11:00:00,0.8332818982984043,14,0.562384358929911,5,0.25700436812371696
102,2023-01-19 12:00:00,0.5344423686769527,11,0.5110749015767853,2,0.5071029023216819
104,2023-01-19 13:00:00,0.8021513530886217,20,0.49133477188381447,7,0.353492317899156
104,2023-01-19 14:00:00,0.552268164326005,12,0.38909621939705874,4,0.6443646545402234
104,2023-01-19 15:00:00,0.5934856397917386,19,0.23740955594388577,6,0.5742618190382923
101,2023-01-19 16:00:00,0.6537289425555578,5,0.3379138047696939,4,0.5236490005818258
101,2023-01-19 17:00:00,0.6661745924024716,5,0.3605511907570441,0,0.44675233216189203
102,2023-01-19 18:00:00,0.6994904593250595,17,0.5852514074005933,10,0.3873678585292469
104,2023-01-19 19:00:00,0.5018385287231936,7,0.35388461484647915,4,0.5694059619160587
104,2023-01-19 20:00:00,0.36062305505633746,18,0.35705134225231105,5,0.6608717209389748
104,2023-01-19 21:00:00,0.471573679046426,8,0.13271243485600595,3,0.5885023084478948
101,2023-01-19 22:00:00,0.7547455735372637,16,0.5816247429338909,0,0.39663869195711754
101,2023-01-19 23:00:00,0.8189015432040925,9,0.39466299136856564,6,0.2477619832922402
102,2023-01-20 00:00:00,0.340492578098594,19,0.3872249804567911,0,0.7107546795430175
101,2023-01-20 01:00:00,0.3346704923060302,16,0.4059912608092152,3,0.7658256641502089
103,2023-01-20 02:00:00,0.6764029360402986,8,0.20731996870225514,1,0.49296377141173936
103,2023-01-20 03:00:00,0.8912169842766882,18,0.3055426689113785,1,0.37686092270295124
103,2023-01-20 04:00:00,0.31082676230827483,16,0.28833620372677893,10,0.6477934983654026
101,2023-01-20 05:00:00,0.3569171478131575,15,0.5097561857725261,4,0.7891012993911213
103,2023-01-20 06:00:00,0.9273292158829016,18,0.25784915096109273,1,0.2622965265496533
101,2023-01-20 07:00:00,0.5813174760149122,17,0.1379138668676986,4,0.5661997739610305
101,2023-01-20 08:00:00,0.7175850378042452,9,0.5972626466278815,9,0.43209301800382727
103,2023-01-20 09:00:00,0.6192102536338748,20,0.15408983939078832,4,0.5476063583138777
104,2023-01-20 10:00:00,0.8314735652037235,13,0.36433849317096745,0,0.3257671264437122
104,2023-01-20 11:00:00,0.6686728480648523,15,0.3480196296611435,7,0.42051236594765246
104,2023-01-20 12:00:00,0.44878169168011933,7,0.5127529423818231,2,0.629848316759235
103,2023-01-20 13:00:00,0.46314669728152713,9,0.3943295333878519,7,0.6651828066766292
104,2023-01-20 14:00:00,0.6265914929802798,17,0.5895095527594914,10,0.4917136311614556
103,2023-01-20 15:00:00,0.524012380352523,10,0.54265217387761,0,0.6063774190200104
102,2023-01-20 16:00:00,0.6485052044714883,14,0.22548922838364613,6,0.48551768410752666
104,2023-01-20 17:00:00,0.7012080840764967,18,0.3651510340448345,7,0.42019952384188747
102,2023-01-20 18:00:00,0.6365707570050232,5,0.27275049385819705,3,0.5115606367247408
101,2023-01-20 19:00:00,0.6638120294786396,15,0.3586288222118411,3,0.4091124168404724
103,2023-01-20 20:00:00,0.690913708694452,10,0.14176515144885218,1,0.4486795999650071
102,2023-01-20 21:00:00,0.7113080278278527,6,0.5734104041803048,9,0.4057865578433331
104,2023-01-20 22:00:00,0.635761393871408,5,0.5675747945213638,9,0.39920256530982945
103,2023-01-20 23:00:00,0.3831160421171495,10,0.14336596072329785,6,0.6160015920825035
101,2023-01-21 00:00:00,0.3015877033644132,7,0.43882490635605687,0,0.8587061482394656
101,2023-01-21 01:00:00,0.858865360972302,17,0.42381732180664955,0,0.467292804778226
104,2023-01-21 02:00:00,0.5830121305025384,10,0.13456564812399693,5,0.4197168021907841
102,2023-01-21 03:00:00,0.5948243859921885,10,0.3384203084914157,7,0.3791976304869877
103,2023-01-21 04:00:00,0.8221084235978064,15,0.4948176919780438,6,0.38897670547622376
102,2023-01-21 05:00:00,0.5087106531535239,16,0.4321565542619896,0,0.6024028960286933
101,2023-01-21 06:00:00,0.7892729349740828,17,0.40892955759920324,8,0.40991213843525115
103,2023-01-21 07:00:00,0.9295470111788648,17,0.5224006300598182,0,0.44017370287193985
104,2023-01-21 08:00:00,0.658054376105759,15,0.2526830230174042,5,0.46907078587814843
102,2023-01-21 09:00:00,0.8515546002954328,14,0.5302344509395018,8,0.2185033913352892
103,2023-01-21 10:00:00,0.4762883798684646,14,0.13860429086480128,4,0.6710682763533174
102,2023-01-21 11:00:00,0.3028486543757612,12,0.2073253362968129,3,0.8233243254384235
102,2023-01-21 12:00:00,0.6034054166790255,19,0.2212754596985004,0,0.6221020621120941
103,2023-01-21 13:00:00,0.7764926967324295,15,0.4187900637213796,4,0.30460469291032466
103,2023-01-21 14:00:00,0.7251389171197361,19,0.3842398118230125,3,0.39787411165334385
102,2023-01-21 15:00:00,0.4638797357048777,20,0.37128638271957237,3,0.5525862867379425
104,2023-01-21 16:00:00,0.7658197497940256,15,0.25667070408598924,3,0.4431155843610529
102,2023-01-21 17:00:00,0.5203691693141231,15,0.45518088309222515,2,0.6327442502835372
103,2023-01-21 18:00:00,0.7147395119289461,19,0.4250044424223157,6,0.41144420827337436
104,2023-01-21 19:00:00,0.8080866933251973,17,0.3339572204942096,0,0.3866600023982699
104,2023-01-21 20:00:00,0.8095559304056883,8,0.5245444866713715,5,0.40580193633992656
101,2023-01-21 21:00:00,0.8244585574791505,18,0.2306368569799047,3,0.4082970231200814
101,2023-01-21 22:00:00,0.3666540579551657,15,0.3108774512209128,3,0.6157937829293324
101,2023-01-21 23:00:00,0.34446654609966554,7,0.23091580214773674,3,0.7050359429301715
104,2023-01-22 00:00:00,0.8632930522227542,12,0.285726658181502,9,0.25545572911095626
102,2023-01-22 01:00:00,0.822903182319545,12,0.2964581889886093,1,0.48481256389977123
104,2023-01-22 02:00:00,0.4144231749322098,17,0.4319129722766196,9,0.49246683166611954
102,2023-01-22 03:00:00,0.42226982428695503,5,0.39117040191456887,0,0.7302294541087375
101,2023-01-22 04:00:00,0.6447478029374912,18,0.464658634927373,6,0.5008037267343413
101,2023-01-22 05:00:00,0.5467474422872329,11,0.38548097859719976,4,0.577437509301505
101,2023-01-22 06:00:00,0.5528616449398007,15,0.22378914110772166,3,0.557195017077812
102,2023-01-22 07:00:00,0.34130346910394765,15,0.38846275730878543,2,0.8295478995741998
102,2023-01-22 08:00:00,0.8331051862514371,20,0.2547994968510088,0,0.36730463244438205
103,2023-01-22 09:00:00,0.7959143647912583,12,0.23673603070333923,8,0.23762710343336446
103,2023-01-22 10:00:00,0.3430018365228289,18,0.4797929444952036,6,0.753350476163285
103,2023-01-22 11:00:00,0.4547855441899158,9,0.34866071543826394,3,0.6892287557583939
103,2023-01-22 12:00:00,0.5637844077093772,18,0.2939560591333743,9,0.38903552720673495
104,2023-01-22 13:00:00,0.6096968287632986,13,0.3065999681781182,6,0.5807002552506566
101,2023-01-22 14:00:00,0.4678358031237939,17,0.597852894133547,3,0.6081335812618683
102,2023-01-22 15:00:00,0.3161390455986719,20,0.44457416357801893,2,0.8089797888853425
101,2023-01-22 16:00:00,0.8520761840775477,17,0.14311460685580932,0,0.4177361987005624
103,2023-01-22 17:00:00,0.6714831194309716,12,0.47854129973624815,5,0.549655895505896
102,2023-01-22 18:00:00,0.6947826835168867,20,0.5013596838594709,5,0.44162797950784977
103,2023-01-22 19:00:00,0.5525187023173235,7,0.2323546535586606,8,0.5893207459342087
102,2023-01-22 20:00:00,0.45432600328525313,17,0.5838609495483545,10,0.5749447663393797
104,2023-01-22 21:00:00,0.8947898616689081,14,0.22414889421092507,4,0.2347166728188344
103,2023-01-22 22:00:00,0.6532962962023212,16,0.4481770440467613,0,0.4499519492729601
101,2023-01-22 23:00:00,0.635868706003085,6,0.12330361537460713,3,0.5582773526323588
101,2023-01-23 00:00:00,0.8034791565015555,10,0.1333545541640707,7,0.2669216801227828
102,2023-01-23 01:00:00,0.745304670153188,6,0.36607396093210276,1,0.48239292728961325
104,2023-01-23 02:00:00,0.5934260463646381,11,0.53905381975598,1,0.472876782388509
104,2023-01-23 03:00:00,0.6456473070189881,5,0.5055957333728504,9,0.39885437222678394
102,2023-01-23 04:00:00,0.31883442116429417,5,0.5949891469474937,3,0.7445204086485108
103,2023-01-23 05:00:00,0.5321775302354254,11,0.5105681530002458,1,0.5424198347261261
104,2023-01-23 06:00:00,0.4625596804235558,16,0.3798138874220237,9,0.5933499476086586
104,2023-01-23 07:00:00,0.7563057087416414,6,0.37712133772295653,9,0.43356121778907963
104,2023-01-23 08:00:00,0.8643740491010197,9,0.21929357477960823,4,0.42755938342269295
102,2023-01-23 09:00:00,0.3511996856155766,13,0.149646048484768,10,0.691655602894252
103,2023-01-23 10:00:00,0.46603489588921204,16,0.3522533123223689,5,0.6162950595580186
103,2023-01-23 11:00:00,0.6290102730607829,16,0.48934752234212164,9,0.3701263306394122
104,2023-01-23 12:00:00,0.6274394759956227,7,0.5461323282579719,1,0.5228281050627629
101,2023-01-23 13:00:00,0.5100860897351127,6,0.21843494911006647,4,0.5841743564285997
101,2023-01-23 14:00:00,0.6068237715682919,14,0.25193684931754534,3,0.535820464943692
101,2023-01-23 15:00:00,0.9318864801819573,5,0.2950596975693832,4,0.3309760602931475
102,2023-01-23 16:00:00,0.5821503658182992,9,0.12268863729002524,6,0.420426360425463
103,2023-01-23 17:00:00,0.36738027057915673,14,0.541143070243707,7,0.6903962957536451
104,2023-01-23 18:00:00,0.4210845367521103,5,0.5054940866863631,6,0.5800126915053626
101,2023-01-23 19:00:00,0.9254399453947046,6,0.1082775439506515,10,0.21574574428231336
102,2023-01-23 20:00:00,0.687594155855145,13,0.5759935211886592,9,0.30789876777901204
102,2023-01-23 21:00:00,0.5747880758965784,8,0.5976494826168346,1,0.6545424238968822
102,2023-01-23 22:00:00,0.5978426092886382,13,0.29120745811271365,5,0.4762555218573883
102,2023-01-23 23:00:00,0.8205794319624617,15,0.5802327542074217,2,0.3731052671015017
102,2023-01-24 00:00:00,0.7264506500521797,19,0.15933765313702644,3,0.5438090880446556
102,2023-01-24 01:00:00,0.856339908991711,16,0.3561299989660395,9,0.1812926551450657
101,2023-01-24 02:00:00,0.6107723145958697,17,0.1078066599739265,6,0.5342993443061264
102,2023-01-24 03:00:00,0.4522845442198328,18,0.1355549217672887,5,0.5403628016055286
104,2023-01-24 04:00:00,0.40641000159110424,14,0.15939769288046288,6,0.5551130931769255
103,2023-01-24 05:00:00,0.6604223326720079,11,0.489426645062658,3,0.5909527394367509
104,2023-01-24 06:00:00,0.44330897339805825,15,0.36360865111614904,9,0.5903748449920103
101,2023-01-24 07:00:00,0.8713191816851111,8,0.5492223587393795,8,0.2741746535726374
101,2023-01-24 08:00:00,0.8473018337291809,16,0.47928804825851745,9,0.23173098615683768
101,2023-01-24 09:00:00,0.3862905977436498,11,0.5288036431875733,5,0.7326668733277691
102,2023-01-24 10:00:00,0.9125189579897888,10,0.161809240871814,9,0.15627217057475115
104,2023-01-24 11:00:00,0.8816710048482455,13,0.25404186907152193,7,0.27778641544622795
102,2023-01-24 12:00:00,0.4357922605296567,16,0.2713143572215865,1,0.6016976548950972
101,2023-01-24 13:00:00,0.7047155410793671,20,0.33417105711228823,9,0.44759699692447885
104,2023-01-24 14:00:00,0.4125161816774368,15,0.5084696413070131,8,0.6231046571570833
102,2023-01-24 15:00:00,0.47072213454117484,11,0.2021253464741257,8,0.5764589528029074
101,2023-01-24 16:00:00,0.8867244964698848,15,0.1288789580332043,4,0.34574561044017327
104,2023-01-24 17:00:00,0.3658774139964474,15,0.24634843297331913,0,0.8087881770860925
101,2023-01-24 18:00:00,0.6569143582860786,19,0.10585182054658773,3,0.41171660281890937
104,2023-01-24 19:00:00,0.533547457024633,9,0.5413951850807909,0,0.5336108704279201
103,2023-01-24 20:00:00,0.9374609805928542,17,0.11643227442476953,10,0.1075991922494627
104,2023-01-24 21:00:00,0.8765727638710739,10,0.3842852100110894,6,0.24970324862634585
102,2023-01-24 22:00:00,0.6918548127361501,10,0.452868388418321,7,0.4481814134929462
101,2023-01-24 23:00:00,0.751017745809862,16,0.5482156911148197,1,0.443241291333498
104,2023-01-25 00:00:00,0.3911378620886652,6,0.2256942425788764,7,0.6422653170243733
103,2023-01-25 01:00:00,0.42806353263901764,18,0.12760812064805258,6,0.6046250126870085
104,2023-01-25 02:00:00,0.30447431253914625,11,0.27737730594509247,3,0.6892861392480073
103,2023-01-25 03:00:00,0.9426043343818988,20,0.39161990952239123,3,0.22574575922970902
102,2023-01-25 04:00:00,0.8520232259103984,9,0.5750191106560147,1,0.350512460629511
102,2023-01-25 05:00:00,0.5900624571488862,5,0.4301521584913819,6,0.41306835494373123
104,2023-01-25 06:00:00,0.7207231910592558,10,0.436861262000414,4,0.48372576639178777
104,2023-01-25 07:00:00,0.8449724541005592,17,0.2517742837476792,5,0.4137747599165888
103,2023-01-25 08:00:00,0.46962928845185464,9,0.22524387169062096,4,0.6130205188052252
103,2023-01-25 09:00:00,0.885093153597897,20,0.49649858445762995,4,0.2684926408195476
101,2023-01-25 10:00:00,0.8085689060479091,8,0.3119408089074108,0,0.40819926814527063
104,2023-01-25 11:00:00,0.9237180689969038,6,0.5292670317602397,10,0.12651372482651907
102,2023-01-25 12:00:00,0.7581428065866441,16,0.11104366416498415,10,0.3263933097129209
103,2023-01-25 13:00:00,0.5601618557125361,20,0.20672351202493958,6,0.4423893242970681
103,2023-01-25 14:00:00,0.6221571143067621,12,0.44055531377675505,6,0.5579268997407002
102,2023-01-25 15:00:00,0.5772292207281114,9,0.4641240000353417,10,0.49634100781961166
104,2023-01-25 16:00:00,0.6190187666904641,15,0.2872197379206176,9,0.4806254613235942
102,2023-01-25 17:00:00,0.644437442153182,10,0.5651383488683288,2,0.5715678562366389
102,2023-01-25 18:00:00,0.805217908136544,9,0.5987939935479486,4,0.4125532206019318
104,2023-01-25 19:00:00,0.43654857251697554,15,0.2647379371481666,5,0.6806389451182201
104,2023-01-25 20:00:00,0.4231792675408722,14,0.2492481568164401,10,0.5051436626537457
103,2023-01-25 21:00:00,0.8779419108202502,5,0.49942704759184553,1,0.3862010384557101
102,2023-01-25 22:00:00,0.6189887899424223,16,0.347237766201299,4,0.5058066350502806
104,2023-01-25 23:00:00,0.34041819048291383,5,0.5090224533575111,4,0.671344300074479
104,2023-01-26 00:00:00,0.30361895684527795,19,0.3431487594100586,9,0.6642349077569075
103,2023-01-26 01:00:00,0.3710221861726885,14,0.5996527703240777,4,0.7291573933323258
104,2023-01-26 02:00:00,0.6044529928433409,16,0.15995171245704246,1,0.6166880378651675
102,2023-01-26 03:00:00,0.9361402859083945,17,0.4510071986278935,4,0.1906913080819287
102,2023-01-26 04:00:00,0.5889136492938949,8,0.5216016595551487,8,0.4479692506897277
102,2023-01-26 05:00:00,0.7188757058861766,19,0.4619494140150253,6,0.3149344122186214
104,2023-01-26 06:00:00,0.48463626271463134,9,0.3334707861454679,5,0.6352815345753478
102,2023-01-26 07:00:00,0.4490937057669161,9,0.34517157671258636,6,0.5690637909160057
103,2023-01-26 08:00:00,0.5023930702012808,9,0.2836518511944429,4,0.6203394994677228
103,2023-01-26 09:00:00,0.4925003125692162,6,0.3898255203295309,7,0.5939044317606282
104,2023-01-26 10:00:00,0.6967305310877019,17,0.41920910415314383,9,0.3396552552869393
103,2023-01-26 11:00:00,0.7783866757907707,9,0.4146733644892515,10,0.23849923504777704
103,2023-01-26 12:00:00,0.7488890156077849,15,0.21447841032614853,2,0.3979290907194583
102,2023-01-26 13:00:00,0.5697637809303997,12,0.34225038746768754,6,0.46919311535008057
104,2023-01-26 14:00:00,0.3946200814501034,18,0.5744814330751772,0,0.795143813546429
101,2023-01-26 15:00:00,0.8597488187868476,12,0.43548908157942157,1,0.36495470854127965
102,2023-01-26 16:00:00,0.5328606087978681,19,0.468150557264405,4,0.5390909068633996
103,2023-01-26 17:00:00,0.4702887062322908,20,0.3675773568799622,9,0.47606049497105885
103,2023-01-26 18:00:00,0.6450635177508686,15,0.2098073099811815,8,0.516788237019571
102,2023-01-26 19:00:00,0.6871584818861775,9,0.5645099366357316,3,0.5082716596513842
102,2023-01-26 20:00:00,0.33061056497024993,17,0.47965274607112485,1,0.8219341841479675
101,2023-01-26 21:00:00,0.9158918924419741,14,0.41121229766869627,0,0.38616896793338895
103,2023-01-26 22:00:00,0.6800234658706463,14,0.5840043587404182,3,0.4278230084146759
101,2023-01-26 23:00:00,0.6209430198018331,18,0.18078296486554687,3,0.6057885640527744
104,2023-01-27 00:00:00,0.46755431518334634,12,0.35167310327592627,3,0.5525876918564009
101,2023-01-27 01:00:00,0.8216892998677399,16,0.28029513222759905,9,0.2467479584465035
101,2023-01-27 02:00:00,0.4009376198152067,15,0.3658434125375153,10,0.5072250742389726
103,2023-01-27 03:00:00,0.46141546338457906,10,0.1853601818998061,5,0.6952850884536057
101,2023-01-27 04:00:00,0.7697355350519502,8,0.5566564138376813,1,0.5380569744168641
101,2023-01-27 05:00:00,0.9007771333040815,20,0.2627041001097049,2,0.3903162964309159
103,2023-01-27 06:00:00,0.4390435005355274,13,0.541545287627377,10,0.5520721547765105
104,2023-01-27 07:00:00,0.38153542042415894,13,0.2720297317775465,6,0.5826757521942819
102,2023-01-27 08:00:00,0.8743643464350856,15,0.5384186697380396,4,0.3680315160943955
102,2023-01-27 09:00:00,0.5786645072690407,10,0.3647370777580462,4,0.5326899423216142
103,2023-01-27 10:00:00,0.7538516548624724,18,0.564621182998501,3,0.46017955008986455
103,2023-01-27 11:00:00,0.6735833201979087,14,0.15253871511165865,4,0.44705182012820055
103,2023-01-27 12:00:00,0.726343171324058,12,0.12667249323941912,2,0.42524886517256943
102,2023-01-27 13:00:00,0.7845340528415037,6,0.5894053955511899,4,0.44802109569629567
104,2023-01-27 14:00:00,0.8716644646418923,8,0.43428553763185307,5,0.3156618943673258
103,2023-01-27 15:00:00,0.7249004305500162,14,0.20899873326688936,9,0.44605569539819956
102,2023-01-27 16:00:00,0.9179076085316911,14,0.16778307489754998,2,0.3678466783149462
102,2023-01-27 17:00:00,0.7521181838558013,6,0.365316024277777,10,0.34089344381232
104,2023-01-27 18:00:00,0.7816465042772864,20,0.5339300546119471,8,0.25819457808560986
104,2023-01-27 19:00:00,0.6871241495599099,5,0.40856751120480417,3,0.4894421681786913
103,2023-01-27 20:00:00,0.57531164545816,16,0.3791227628775735,5,0.5170010017879255
104,2023-01-27 21:00:00,0.34409473334683705,16,0.14445320056713043,9,0.7193982202018462
102,2023-01-27 22:00:00,0.5244846162446892,19,0.1010329635218549,3,0.5788980063504218
102,2023-01-27 23:00:00,0.7013678878295535,20,0.3416252633582091,6,0.4841152164412032
104,2023-01-28 00:00:00,0.3216159120756781,6,0.3854579537137659,7,0.7447603116348975
102,2023-01-28 01:00:00,0.40914334365952143,5,0.17136823769325157,4,0.7237943635782118
101,2023-01-28 02:00:00,0.544362621185541,6,0.5103607516180959,7,0.46762762631133553
103,2023-01-28 03:00:00,0.7760961562240256,11,0.23116678734514193,6,0.38929401027900523
103,2023-01-28 04:00:00,0.8854293033726535,9,0.2040435467390627,7,0.19535425510178658
102,2023-01-28 05:00:00,0.4141537605519245,8,0.2535739580788904,8,0.6576752325046855
102,2023-01-28 06:00:00,0.30809099260363665,5,0.3848034797910832,6,0.6313565871423565
104,2023-01-28 07:00:00,0.5644750823567726,14,0.4641855807659695,10,0.4499222188557226
102,2023-01-28 08:00:00,0.5633001035544951,9,0.15776380603848536,7,0.40298670451918256
102,2023-01-28 09:00:00,0.42924568113584627,7,0.39334379614177906,3,0.7009490737908297
101,2023-01-28 10:00:00,0.9206323168183201,20,0.33941251383206694,10,0.2501207028051273
104,2023-01-28 11:00:00,0.7321632695377815,10,0.49235978150025395,3,0.48047521909479757
104,2023-01-28 12:00:00,0.8472544334283478,7,0.3834285364240523,9,0.2668869267543046
101,2023-01-28 13:00:00,0.7344181526216631,7,0.36042841462739295,4,0.360493139884177
103,2023-01-28 14:00:00,0.5136497769864192,5,0.5993449795911051,10,0.3915189620833357
102,2023-01-28 15:00:00,0.6242891317489745,5,0.34924035323152924,5,0.5099214759107383
104,2023-01-28 16:00:00,0.48965192671262486,15,0.3528508833348707,6,0.4706728752523236
103,2023-01-28 17:00:00,0.7275078010785341,20,0.3960185522432358,1,0.4335359967354021
103,2023-01-28 18:00:00,0.36842980644428225,17,0.26145493173301526,10,0.6638651912400015
102,2023-01-28 19:00:00,0.8814600712027212,10,0.4189675994160168,10,0.3322582438283035
103,2023-01-28 20:00:00,0.7715374416584746,7,0.41691835587575354,8,0.3080960151687918
101,2023-01-28 21:00:00,0.3600283348761395,16,0.43647157878814913,0,0.8346620329498218
104,2023-01-28 22:00:00,0.40759857682805717,17,0.47161742146817387,2,0.6719576357179419
101,2023-01-28 23:00:00,0.34958913942135034,12,0.48576866827953846,6,0.6340783204482681
101,2023-01-29 00:00:00,0.927180530745596,16,0.426387096859842,4,0.32930796594458583
104,2023-01-29 01:00:00,0.6846370114822127,12,0.31566323004919994,10,0.46522316010611564
103,2023-01-29 02:00:00,0.757085620580524,10,0.3918664444673686,5,0.3808541082097438
101,2023-01-29 03:00:00,0.5451322718710824,5,0.3529002315980171,10,0.3993230861206037
102,2023-01-29 04:00:00,0.9014858613854269,10,0.5776265406327191,5,0.2804965132929467
102,2023-01-29 05:00:00,0.5374768680313977,18,0.11893887778195164,10,0.5645735612871426
101,2023-01-29 06:00:00,0.3477275993277983,18,0.21847400210851983,5,0.7761200072961729
101,2023-01-29 07:00:00,0.458950669836359,6,0.13561165496306007,2,0.6252508445869417
101,2023-01-29 08:00:00,0.6782304912009334,20,0.17684299574294074,5,0.5176274933634103
102,2023-01-29 09:00:00,0.5083517880842967,15,0.4902300670225489,3,0.5772984158522021
102,2023-01-29 10:00:00,0.35367669131133506,15,0.43135548033675375,8,0.5401923741489327
104,2023-01-29 11:00:00,0.5635137999167141,18,0.5719886160533744,6,0.4557752354152442
104,2023-01-29 12:00:00,0.47139696024722155,8,0.47285768449751464,9,0.4921722359351963
101,2023-01-29 13:00:00,0.8138650709113355,5,0.1689313617435201,7,0.3316557979340552
101,2023-01-29 14:00:00,0.7108158797605874,9,0.17106225189309512,7,0.38874093957545935
104,2023-01-29 15:00:00,0.9374700671459313,12,0.19047973355703204,5,0.3608940320526607
101,2023-01-29 16:00:00,0.5412709938718049,16,0.1538561451160003,6,0.4580248484948653
103,2023-01-29 17:00:00,0.9090172122592679,8,0.31627282996800266,1,0.3987402620495494
104,2023-01-29 18:00:00,0.5713507987982783,5,0.3978229381183028,9,0.5355356909446568
102,2023-01-29 19:00:00,0.7873515777256805,16,0.15229767034235478,2,0.4625094881819414
101,2023-01-29 20:00:00,0.6131599895616522,11,0.23703272905895026,2,0.45609819822812536
103,2023-01-29 21:00:00,0.7042072235361867,20,0.10816299863660386,1,0.485560813698109
104,2023-01-29 22:00:00,0.30733342447145584,9,0.45174979869819964,7,0.6448829004717035
101,2023-01-29 23:00:00,0.9229949148712568,16,0.3688694536149648,7,0.309068867132499
103,2023-01-30 00:00:00,0.5466660714068167,14,0.3492574415849672,6,0.5130756529110547
104,2023-01-30 01:00:00,0.5550986839807932,16,0.32284586016436956,10,0.534466534187363
104,2023-01-30 02:00:00,0.4829343122333898,17,0.4383040207048955,7,0.6206607452447586
103,2023-01-30 03:00:00,0.5483999649228621,9,0.2681247800039773,1,0.6967924867610858
102,2023-01-30 04:00:00,0.6458261285937943,15,0.4405639584149582,5,0.46273951474092206
103,2023-01-30 05:00:00,0.5944734012719821,19,0.486093364430047,1,0.5630761324552831
102,2023-01-30 06:00:00,0.8727063974277705,18,0.18174595013332037,3,0.42100693626590013
104,2023-01-30 07:00:00,0.7420025866225795,13,0.3650278030385107,5,0.3068826626474604
103,2023-01-30 08:00:00,0.49592338437001887,10,0.40339201378890266,7,0.4507410073863877
102,2023-01-30 09:00:00,0.3523335217979974,19,0.1635845628016546,7,0.7481457675236047
104,2023-01-30 10:00:00,0.7777163720202762,16,0.19081648514776225,0,0.37771492120826544
102,2023-01-30 11:00:00,0.5551775446716807,13,0.27656315854995983,3,0.4679221179445255
101,2023-01-30 12:00:00,0.5883992645907439,16,0.29073115006071326,2,0.5877389275546734
101,2023-01-30 13:00:00,0.3619195492215579,10,0.1563332175886009,8,0.6252342594491618
103,2023-01-30 14:00:00,0.47673803507490187,9,0.5847010697217403,9,0.44311769878096396
104,2023-01-30 15:00:00,0.5809765651052161,19,0.48621841939846555,8,0.5442462651495548
102,2023-01-30 16:00:00,0.363288590944988,6,0.20510294352652056,8,0.6545944893642677
103,2023-01-30 17:00:00,0.736997663870163,20,0.3880849661211383,9,0.34195025129454054
101,2023-01-30 18:00:00,0.49095100808783376,15,0.4466614941218545,4,0.5231204804348646
103,2023-01-30 19:00:00,0.8952227407130071,14,0.1570201596111925,3,0.41811207908938003
102,2023-01-30 20:00:00,0.7077043547411692,18,0.5635836239823708,3,0.4851856228723388
102,2023-01-30 21:00:00,0.511438426877858,16,0.4892627328852026,0,0.5977874781512059
102,2023-01-30 22:00:00,0.6077103303473079,13,0.22692209771938973,3,0.5772618318555647
101,2023-01-30 23:00:00,0.40703377813183167,5,0.2515553512569362,8,0.5568694266133833
102,2023-01-31 00:00:00,0.3354841521148702,9,0.10395213972020542,3,0.645164145232219
104,2023-01-31 01:00:00,0.3159042122777306,6,0.10591565229021313,2,0.7442527334629663
101,2023-01-31 02:00:00,0.6755530806167129,17,0.1283522709362723,7,0.3933846460295751
104,2023-01-31 03:00:00,0.7737983705761675,20,0.258284813835165,9,0.3134662294783113
104,2023-01-31 04:00:00,0.5755541955611427,11,0.15266661511131954,7,0.5778604353140507
101,2023-01-31 05:00:00,0.5784431287398102,6,0.12906440394278904,0,0.6286996120469779
102,2023-01-31 06:00:00,0.5255069705559938,8,0.3196819665466335,8,0.5116637913634667
104,2023-01-31 07:00:00,0.9200077241375713,14,0.16446155440289664,8,0.17732698094460647
104,2023-01-31 08:00:00,0.6848263022705783,7,0.5020455929694654,3,0.38200584816789024
102,2023-01-31 09:00:00,0.5691653073575096,5,0.34710685139447495,5,0.44617306809519874
103,2023-01-31 10:00:00,0.6958976280336099,9,0.5783995918808322,0,0.5225470571753231
104,2023-01-31 11:00:00,0.6321783136334682,18,0.5389711592769928,5,0.5379683663258316
103,2023-01-31 12:00:00,0.7218857272399171,14,0.3745503000882825,3,0.5435643925916879
104,2023-01-31 13:00:00,0.543496131088042,5,0.5280576857735708,5,0.48825313401356374
102,2023-01-31 14:00:00,0.30043821283475447,17,0.2575097943478022,7,0.6663574835430963
101,2023-01-31 15:00:00,0.4372061550498873,13,0.3190731420685876,8,0.5324307444434995
102,2023-01-31 16:00:00,0.7828591712511025,20,0.2008826541899945,4,0.4040616376845587
101,2023-01-31 17:00:00,0.6937939425870042,19,0.3584407736002586,3,0.49299042816734717
101,2023-01-31 18:00:00,0.8242100976539146,18,0.30732127328359593,9,0.25638938129433
103,2023-01-31 19:00:00,0.5951133510381292,19,0.2924516409148613,6,0.4886842865853045
103,2023-01-31 20:00:00,0.4662208223026617,13,0.43013361101951586,8,0.5063380017126786
103,2023-01-31 21:00:00,0.8544979786597187,14,0.48158813979222925,9,0.20964614282902944
104,2023-01-31 22:00:00,0.5186180925869512,8,0.31175877605816316,2,0.6847653174464923
101,2023-01-31 23:00:00,0.9248611137652898,5,0.41793686141957165,7,0.26697233693339345
101,2023-02-01 00:00:00,0.5209063455916343,12,0.23052288557761538,10,0.549022177938994
101,2023-02-01 01:00:00,0.5175286361457556,5,0.15399088081457882,10,0.4284231900708843
102,2023-02-01 02:00:00,0.7537225520199597,19,0.22853021721383335,1,0.399521370719641
104,2023-02-01 03:00:00,0.47192041871256835,15,0.49833766243985045,7,0.6283587159935476
104,2023-02-01 04:00:00,0.318072405167363,10,0.3896113144138198,10,0.6659380696518303
101,2023-02-01 05:00:00,0.736702815098206,15,0.3110007033385621,10,0.3412985375842855
102,2023-02-01 06:00:00,0.4108487800375525,11,0.5531708524939009,0,0.7384604349334627
104,2023-02-01 07:00:00,0.9487491263652739,5,0.29632501435623215,0,0.33398949858866867
104,2023-02-01 08:00:00,0.6419738073987634,17,0.4773652024124384,7,0.4670531804849144
104,2023-02-01 09:00:00,0.7294561979002538,13,0.5394885525617853,1,0.48155530673736197
101,2023-02-01 10:00:00,0.3958566992861703,9,0.3470878502218082,2,0.724466325253266
102,2023-02-01 11:00:00,0.8285571377026222,12,0.1883659645229578,3,0.31522968233531246
103,2023-02-01 12:00:00,0.38866388971513377,5,0.19150993787815815,8,0.6697816710652719
104,2023-02-01 13:00:00,0.7514574521789752,17,0.273489033774721,4,0.36899322384476
103,2023-02-01 14:00:00,0.8337562518984105,6,0.16305678329987108,8,0.32735316517116164
101,2023-02-01 15:00:00,0.888027653050329,8,0.26642853383686316,8,0.16942007418367339
104,2023-02-01 16:00:00,0.827884892384021,12,0.5000589941883172,10,0.27641713124935835
102,2023-02-01 17:00:00,0.7760088323679802,20,0.5941314655695079,3,0.3398748506041339
103,2023-02-01 18:00:00,0.7312811011024545,18,0.10761547044294659,9,0.4067939601869334
101,2023-02-01 19:00:00,0.8482095788728805,15,0.46070651673142593,9,0.27846192522192176
101,2023-02-01 20:00:00,0.7969847492807182,7,0.29604465406599123,4,0.4696566296891993
103,2023-02-01 21:00:00,0.6422505249445762,19,0.37640716305468525,9,0.4591724140440625
101,2023-02-01 22:00:00,0.7093215295918458,13,0.3580817630981896,8,0.427147507759794
101,2023-02-01 23:00:00,0.7956036344577462,15,0.2880968142137229,1,0.3337744698574838
102,2023-02-02 00:00:00,0.5244957947746726,5,0.3488489173842776,2,0.5663242942815739
101,2023-02-02 01:00:00,0.4688684117502616,18,0.545202269537284,2,0.5862337094012671
102,2023-02-02 02:00:00,0.7625956500108415,20,0.46597475039707315,6,0.40592923254267976
103,2023-02-02 03:00:00,0.818530188053888,20,0.46991160428899115,2,0.3005134901585695
102,2023-02-02 04:00:00,0.7257691846909469,18,0.2367860717034785,8,0.37654673292809127
103,2023-02-02 05:00:00,0.48708745963873956,15,0.37028412363497265,9,0.5388099890228065
103,2023-02-02 06:00:00,0.35539579327712867,15,0.3248610749269123,6,0.606296031803933
101,2023-02-02 07:00:00,0.6089514202796706,16,0.2999054701262108,4,0.5396179258748659
103,2023-02-02 08:00:00,0.6687410584458527,14,0.1356422472933109,7,0.517343605765737
101,2023-02-02 09:00:00,0.545370782970893,15,0.25218902027142165,10,0.40915209588379997
104,2023-02-02 10:00:00,0.7507356305338946,9,0.1175812464977202,8,0.3065519701674746
103,2023-02-02 11:00:00,0.3496648694823038,6,0.5981726473062706,4,0.625393429249242
103,2023-02-02 12:00:00,0.6630782804064005,10,0.3260625950432824,9,0.30990166316236456
104,2023-02-02 13:00:00,0.638007281788338,5,0.10926763743376691,5,0.5130741686205889
101,2023-02-02 14:00:00,0.8256544372538253,13,0.16226168991836096,7,0.22961863317049844
104,2023-02-02 15:00:00,0.6584140705145106,19,0.29551731538785864,4,0.41986980209828173
103,2023-02-02 16:00:00,0.4402188121544946,16,0.4815845085464432,5,0.5653842934782619
102,2023-02-02 17:00:00,0.5557775941082215,20,0.21973580010683022,4,0.5412249231372128
101,2023-02-02 18:00:00,0.319879833104881,13,0.3566967184812503,0,0.7428866817366121
102,2023-02-02 19:00:00,0.6235124970597983,20,0.5423903932324434,3,0.430272619144065
101,2023-02-02 20:00:00,0.8997774989997958,10,0.21274026524621495,5,0.3315604827459835
102,2023-02-02 21:00:00,0.6619006969697221,12,0.21988903826590275,0,0.5235360590872303
104,2023-02-02 22:00:00,0.8163263066094204,20,0.5450345739069155,8,0.31172793152549527
103,2023-02-02 23:00:00,0.564627262301823,12,0.3618509052958706,10,0.42769905860520335
102,2023-02-03 00:00:00,0.42876388516805325,12,0.3459608311295722,9,0.49724047948244526
104,2023-02-03 01:00:00,0.7812113061593544,5,0.32169218418664813,5,0.4692358506798602
104,2023-02-03 02:00:00,0.3288781470539245,15,0.581674010477957,1,0.6957651970975198
101,2023-02-03 03:00:00,0.602602660737386,10,0.13030730959926515,10,0.39380801590360276
102,2023-02-03 04:00:00,0.7913769719344244,19,0.3426869112930654,6,0.3967163320080928
102,2023-02-03 05:00:00,0.470932018956643,11,0.4366238547167285,5,0.6001001423132718
102,2023-02-03 06:00:00,0.3539230242292716,8,0.18449355920004204,0,0.6876033959466061
103,2023-02-03 07:00:00,0.7208526690810052,16,0.2027622467493531,7,0.4860133716625031
104,2023-02-03 08:00:00,0.7429116410594465,20,0.1947769615003014,1,0.4875121403876406
102,2023-02-03 09:00:00,0.62840302987153,19,0.3551690931313881,4,0.4889294511350542
102,2023-02-03 10:00:00,0.42938362204973646,12,0.2785197363248395,10,0.46895567582201825
102,2023-02-03 11:00:00,0.5822279233956678,6,0.4051685420896842,8,0.5597849728331534
102,2023-02-03 12:00:00,0.7122375378747412,15,0.38740669116232196,10,0.2579043166964479
103,2023-02-03 13:00:00,0.4261294718050148,12,0.4848662413927499,2,0.7169405590448465
102,2023-02-03 14:00:00,0.937092138300734,11,0.4600537608651344,8,0.26435516387324653
102,2023-02-03 15:00:00,0.40597958481776186,7,0.5246109485471848,3,0.7047520439618145
104,2023-02-03 16:00:00,0.7299980351169391,17,0.5302362592278551,4,0.4374604616957619
101,2023-02-03 17:00:00,0.3418774182711582,14,0.32769286413552756,5,0.784442496498845
104,2023-02-03 18:00:00,0.8310992924080856,17,0.44061382668998494,7,0.2777390056235378
104,2023-02-03 19:00:00,0.9105911129125266,15,0.3706477750466919,9,0.2798047836289018
102,2023-02-03 20:00:00,0.4949070054223197,7,0.3707019414199526,1,0.591987213200764
102,2023-02-03 21:00:00,0.4201596648334368,15,0.43772770035716424,8,0.6272957535862426
102,2023-02-03 22:00:00,0.4740828004023713,5,0.1604114646499604,8,0.5172356935864934
101,2023-02-03 23:00:00,0.32847917808144683,13,0.2523529926957365,10,0.5262019158980614
101,2023-02-04 00:00:00,0.8972070375581962,17,0.3227897672760205,1,0.2740675148652908
104,2023-02-04 01:00:00,0.888308238872795,8,0.4539248394901888,2,0.2933989382350787
101,2023-02-04 02:00:00,0.48111226393752393,19,0.22814536388073273,2,0.6799227933209215
101,2023-02-04 03:00:00,0.3363519474044,6,0.17730411003521326,10,0.6315987019563184
101,2023-02-04 04:00:00,0.6202681213197943,20,0.45956158373243794,5,0.5215663489245335
102,2023-02-04 05:00:00,0.46642471192136126,16,0.23171410170551668,6,0.5389888253378301
103,2023-02-04 06:00:00,0.5726573463119385,6,0.22091120010992224,6,0.5885917102648921
104,2023-02-04 07:00:00,0.3968333052605449,14,0.5637165146094885,4,0.7470593476136124
103,2023-02-04 08:00:00,0.8542869880328356,19,0.11228208844125839,3,0.43757758744425373
102,2023-02-04 09:00:00,0.6699872299139935,10,0.5592722263100728,6,0.4311053052689654
104,2023-02-04 10:00:00,0.9134579444979023,15,0.1077808369879926,3,0.397985638174015
103,2023-02-04 11:00:00,0.5661617761948996,8,0.58071843231419,2,0.508169683702002
102,2023-02-04 12:00:00,0.717555912823725,12,0.1525229349474361,10,0.2563522756731915
104,2023-02-04 13:00:00,0.30824381869811185,14,0.4082667704866081,2,0.7629791205100174
102,2023-02-04 14:00:00,0.6271255138613823,14,0.5144287343731504,3,0.43348015700085524
104,2023-02-04 15:00:00,0.39970099769325085,7,0.4494157007670041,2,0.7703491842338058
103,2023-02-04 16:00:00,0.8546160875356565,19,0.46878301937323974,1,0.4465236055047471
101,2023-02-04 17:00:00,0.3323822826856231,10,0.5316369279465988,8,0.7044645046028551
103,2023-02-04 18:00:00,0.5445973968892812,11,0.24102203739378367,5,0.605166762940208
104,2023-02-04 19:00:00,0.6630253914908938,15,0.4327792973193164,1,0.5065212417816451
103,2023-02-04 20:00:00,0.3904128346170227,17,0.5324850128477607,6,0.6504323447803249
101,2023-02-04 21:00:00,0.8719405060050314,15,0.3635994552734352,7,0.18518962833015135
101,2023-02-04 22:00:00,0.37144003551922256,6,0.4449343011390541,10,0.5385382577899038
102,2023-02-04 23:00:00,0.6822643985743228,12,0.31981873077830625,6,0.45189979692448506
102,2023-02-05 00:00:00,0.46363730840710277,8,0.1084170524949987,7,0.6100835158565228
103,2023-02-05 01:00:00,0.7441827518084827,12,0.15674118125354483,0,0.5563522611788068
104,2023-02-05 02:00:00,0.7851702746260734,5,0.22116343221980175,10,0.3887995794188802
101,2023-02-05 03:00:00,0.7277602559488665,13,0.510942798533841,2,0.5361875985119732
101,2023-02-05 04:00:00,0.3914012827305843,18,0.280665714070671,0,0.7407252785884075
104,2023-02-05 05:00:00,0.931031565812739,14,0.1909089370650948,9,0.2597244455557267
102,2023-02-05 06:00:00,0.30404953354955766,12,0.3518443870600878,4,0.720547471492716
103,2023-02-05 07:00:00,0.4407561892189207,17,0.251429826880217,3,0.6244592013012357
103,2023-02-05 08:00:00,0.3939143102542368,7,0.577245433469144,5,0.601028490520835
104,2023-02-05 09:00:00,0.5677097016539814,16,0.29729996119148094,4,0.5507581518226277
102,2023-02-05 10:00:00,0.40102543940113333,19,0.13103024745898426,5,0.6624304405284124
101,2023-02-05 11:00:00,0.9315123735589388,9,0.3099958299533587,8,0.2839232864445121
101,2023-02-05 12:00:00,0.5490521005903916,16,0.1482409635533314,0,0.6273858170150973
103,2023-02-05 13:00:00,0.32711806135328525,19,0.10314892705326226,9,0.558015024652137
104,2023-02-05 14:00:00,0.5095368519414138,15,0.5193952503729111,1,0.6881760923098249
101,2023-02-05 15:00:00,0.5390791590525567,8,0.3088361571534596,10,0.40424612269708593
101,2023-02-05 16:00:00,0.9298712531230819,11,0.18447219291747893,3,0.2217409843545774
102,2023-02-05 17:00:00,0.7319202976819017,18,0.45727369586622213,3,0.437053861177115
103,2023-02-05 18:00:00,0.7390139552450149,15,0.19859637846286363,9,0.3379922463033039
104,2023-02-05 19:00:00,0.37966089348911475,6,0.38537938818619044,0,0.7419815965382403
102,2023-02-05 20:00:00,0.6586032482619504,9,0.3035276779455377,8,0.33329920885994513
104,2023-02-05 21:00:00,0.4654770169122432,19,0.5593799707132363,2,0.7430754981660003
102,2023-02-05 22:00:00,0.8207348270651473,18,0.2803723361515422,10,0.3372781912937186
103,2023-02-05 23:00:00,0.42587376244061675,8,0.11766826068183131,6,0.6068641843756514
101,2023-02-06 00:00:00,0.8728348686579297,7,0.16952944685082136,10,0.2548760781435707
101,2023-02-06 01:00:00,0.7065416266381959,15,0.2118680472159001,8,0.4033483295144229
101,2023-02-06 02:00:00,0.3042255339880451,5,0.24798090587897983,2,0.8375552467069733
103,2023-02-06 03:00:00,0.7615973814062957,12,0.475284824584419,0,0.5535218268990252
101,2023-02-06 04:00:00,0.8540034762475699,8,0.18793042396011975,5,0.27306231726625607
104,2023-02-06 05:00:00,0.5802874099343407,18,0.4350454267030619,6,0.5075749226538175
104,2023-02-06 06:00:00,0.6347709873418477,7,0.5442757179446915,5,0.45978618640878494
104,2023-02-06 07:00:00,0.7941492341591874,15,0.5242206290567469,0,0.35987727367318884
104,2023-02-06 08:00:00,0.31735630380684393,8,0.5612488366757825,10,0.5692596237481555
101,2023-02-06 09:00:00,0.5896492012115069,9,0.4787746153991026,5,0.5272619396341426
103,2023-02-06 10:00:00,0.30093786834509473,20,0.14098899348960411,6,0.6035593918879157
102,2023-02-06 11:00:00,0.7829117900639165,16,0.27201340077106584,5,0.3659740461610117
102,2023-02-06 12:00:00,0.5344722337754264,11,0.2838518729423799,9,0.4489366279094438
104,2023-02-06 13:00:00,0.33470456703496,18,0.1271174992961783,7,0.6969217865716503
104,2023-02-06 14:00:00,0.7916760547116632,5,0.4843923395502988,4,0.4389712328109303
102,2023-02-06 15:00:00,0.7138687687504317,8,0.3662014614569521,3,0.36021610674831683
101,2023-02-06 16:00:00,0.31736882356888685,20,0.5372580438858264,7,0.7647567984952439
101,2023-02-06 17:00:00,0.3410376170449789,13,0.39154985550136034,0,0.6989299123508114
103,2023-02-06 18:00:00,0.7113497802400749,12,0.4264338688180265,4,0.45805725958336746
103,2023-02-06 19:00:00,0.8219117241805163,17,0.34738491904342217,3,0.4213362629362751
101,2023-02-06 20:00:00,0.5510631294102368,5,0.4961377170453424,3,0.6303544843329519
101,2023-02-06 21:00:00,0.8316309106093778,17,0.12645621056718323,2,0.44255044007694927
101,2023-02-06 22:00:00,0.7465430642637444,7,0.4022815727726813,10,0.27078207832391726
102,2023-02-06 23:00:00,0.8120634880992392,8,0.2873422861626498,7,0.2951530083631978
104,2023-02-07 00:00:00,0.6857226209231497,6,0.47194582158422815,4,0.39340482052881337
101,2023-02-07 01:00:00,0.39255366485146903,14,0.4773419244937932,7,0.5557533341955723
103,2023-02-07 02:00:00,0.8810811177112425,5,0.572584879205817,9,0.17923505492112518
103,2023-02-07 03:00:00,0.8290394963319772,19,0.33019660396740735,9,0.3047270703753743
104,2023-02-07 04:00:00,0.6039679553001582,7,0.5498997828402664,3,0.5021165304294729
101,2023-02-07 05:00:00,0.44239928648002,15,0.5622900296716576,10,0.5443419759287664
102,2023-02-07 06:00:00,0.43453947770127677,19,0.46823559687405003,8,0.4935012362925215
103,2023-02-07 07:00:00,0.62007469251365,17,0.32282902994981033,6,0.5191211047212967
102,2023-02-07 08:00:00,0.4576771992470034,11,0.29927225122212375,9,0.537592171474857
102,2023-02-07 09:00:00,0.32057602558904297,17,0.547117767292065,5,0.6970134551392033
101,2023-02-07 10:00:00,0.8878356866640353,19,0.3646411707849493,10,0.29709990662748964
104,2023-02-07 11:00:00,0.8512087926339034,8,0.30039728717465874,5,0.3064197371432742
101,2023-02-07 12:00:00,0.9000429041584015,8,0.3327667901894539,7,0.22384137908591253
101,2023-02-07 13:00:00,0.3892608244726758,14,0.24332719580028653,3,0.6801469011432119
103,2023-02-07 14:00:00,0.49682105860329123,18,0.5825572196352516,5,0.6617796851285587
102,2023-02-07 15:00:00,0.7764331133976659,7,0.5324548662294118,0,0.5529807106712017
104,2023-02-07 16:00:00,0.8314380417214324,12,0.10682362760278127,3,0.29943919609195424
103,2023-02-07 17:00:00,0.4349809827478217,14,0.3284150296013938,8,0.5049602930705893
103,2023-02-07 18:00:00,0.6711165343282632,8,0.3996215310698661,3,0.5800425577686061
103,2023-02-07 19:00:00,0.33714628015896275,8,0.2719688723666831,4,0.6073886814911673
104,2023-02-07 20:00:00,0.40024928275952776,12,0.5509259974592765,10,0.6196864468233596
103,2023-02-07 21:00:00,0.40223993606490116,16,0.4764639191309783,3,0.6142692111786761
104,2023-02-07 22:00:00,0.7975922797631616,12,0.5112412238452338,9,0.40047684701542247
101,2023-02-07 23:00:00,0.6814665955565414,7,0.3079296025220314,5,0.525301591714934
102,2023-02-08 00:00:00,0.6714525836723533,5,0.34426799891768567,8,0.38244365889812953
103,2023-02-08 01:00:00,0.73037693565332,13,0.2291647986287558,1,0.4840186566834473
103,2023-02-08 02:00:00,0.653658006250326,15,0.24470840671522834,5,0.38108164681920853
101,2023-02-08 03:00:00,0.5477818050764236,7,0.4590080724555038,6,0.5409582888325455
104,2023-02-08 04:00:00,0.7682037937478917,20,0.29786128467051975,5,0.3037632117639148
101,2023-02-08 05:00:00,0.5634531749555122,6,0.27538900290596113,6,0.46995652920494546
101,2023-02-08 06:00:00,0.5538792471371476,11,0.3353729344137153,9,0.3926986496304006
103,2023-02-08 07:00:00,0.8098472405694614,11,0.3902669472373509,9,0.3890313587683206
101,2023-02-08 08:00:00,0.7655666880346503,12,0.49676833811467336,5,0.3628585525614326
101,2023-02-08 09:00:00,0.47262668876701397,16,0.5762464000415468,3,0.6793513124645454
103,2023-02-08 10:00:00,0.5456976909397333,18,0.24272408912702306,8,0.41027821674515436
102,2023-02-08 11:00:00,0.5157227736288563,18,0.47006600765291917,6,0.5323992506971815
102,2023-02-08 12:00:00,0.40195827232451375,17,0.5607940917240894,9,0.4947723706751989
102,2023-02-08 13:00:00,0.709769655319576,11,0.5044862615694501,9,0.28506431734419724
102,2023-02-08 14:00:00,0.7519861089733169,13,0.585047110415987,0,0.4537060384449929
101,2023-02-08 15:00:00,0.6704196003390525,8,0.5089583937329749,1,0.5496691671409859
103,2023-02-08 16:00:00,0.6292937702059872,19,0.23852454523066938,7,0.355942332264654
102,2023-02-08 17:00:00,0.682286293853512,5,0.16141415016864455,4,0.4356798393766517
103,2023-02-08 18:00:00,0.3517812650619479,16,0.19213063444681952,10,0.5238110404856966
104,2023-02-08 19:00:00,0.6270914086993518,15,0.5935469461518317,7,0.3874542924036696
103,2023-02-08 20:00:00,0.4079952089462368,12,0.2211846163195604,9,0.535741632677385
103,2023-02-08 21:00:00,0.6533868821638735,6,0.5970269219312065,3,0.46028757933694503
103,2023-02-08 22:00:00,0.7233589322765102,13,0.1227874956308955,7,0.3277199445067395
104,2023-02-08 23:00:00,0.38828414873328754,19,0.3235153092093812,4,0.7103605148898731
104,2023-02-09 00:00:00,0.4243438993723401,12,0.14546658456576975,3,0.7087917860183711
102,2023-02-09 01:00:00,0.8116434491792317,16,0.23052875762961852,0,0.408126534506545
101,2023-02-09 02:00:00,0.902115441563069,12,0.1434273714140841,5,0.2793421232497728
102,2023-02-09 03:00:00,0.7496111154469656,17,0.5576988057609542,4,0.32975460433439924
104,2023-02-09 04:00:00,0.46833893991628484,10,0.16967455155120095,8,0.48477695290795925
102,2023-02-09 05:00:00,0.44161540412786504,19,0.2360953419871232,2,0.5848386731922669
101,2023-02-09 06:00:00,0.625435226446396,15,0.48258050991008095,6,0.4341624874770892
101,2023-02-09 07:00:00,0.829159106408784,7,0.2975616544514379,6,0.3411744232762133
103,2023-02-09 08:00:00,0.6949842923126528,17,0.17741809091681546,7,0.4098296685210653
101,2023-02-09 09:00:00,0.6264152577157202,19,0.2262600565089151,4,0.4691520623242663
103,2023-02-09 10:00:00,0.4373475763637785,20,0.34536529712829855,6,0.5931677670059113
103,2023-02-09 11:00:00,0.4083842977274196,10,0.5246785234156309,7,0.6970477954402863
103,2023-02-09 12:00:00,0.8080191193709609,19,0.2716162641547156,2,0.4896786922914397
102,2023-02-09 13:00:00,0.4868154520131812,15,0.3329294529086665,2,0.6014794103344285
104,2023-02-09 14:00:00,0.6503468528183982,10,0.32242234681371407,6,0.4893499477182324
104,2023-02-09 15:00:00,0.5603255843138547,15,0.3953490865588247,8,0.45693100281554183
101,2023-02-09 16:00:00,0.6691321831041923,18,0.3013585051350487,8,0.3920854871790238
102,2023-02-09 17:00:00,0.7149548442414067,11,0.16489275309066684,2,0.5531214505551451
103,2023-02-09 18:00:00,0.9317088862641578,5,0.24288251043355538,5,0.22596189423396248
101,2023-02-09 19:00:00,0.45334441397713354,17,0.11228666821337355,2,0.7080603476577902
103,2023-02-09 20:00:00,0.4734709873029232,12,0.5690852266975034,5,0.51585472713925
102,2023-02-09 21:00:00,0.30117612183004483,19,0.1679544030861845,10,0.6116625463334957
104,2023-02-09 22:00:00,0.8487707979184824,14,0.12278817883247214,4,0.2550105628900433
101,2023-02-09 23:00:00,0.9375192538923072,5,0.5672996383046772,10,0.23338028624789375
101,2023-02-10 00:00:00,0.425879261443583,16,0.2421937102626561,4,0.5549969814191438
102,2023-02-10 01:00:00,0.6268768222629593,17,0.2924424117960607,9,0.49602963662432753
101,2023-02-10 02:00:00,0.9418037928601577,20,0.42623107511584923,1,0.34170528113521065
103,2023-02-10 03:00:00,0.3086916768338501,11,0.2620010301600645,6,0.7862331449208451
102,2023-02-10 04:00:00,0.4738325590648387,15,0.22888370762844176,6,0.528598413913551
102,2023-02-10 05:00:00,0.9083611531691931,12,0.40309617634513784,6,0.3146414966567614
101,2023-02-10 06:00:00,0.6334950430319568,13,0.533136708557636,9,0.3440735493017193
104,2023-02-10 07:00:00,0.5187259280632461,13,0.5196031356236327,3,0.5012800609716898
101,2023-02-10 08:00:00,0.6952287643830373,14,0.2774248672157089,7,0.3205866416566111
103,2023-02-10 09:00:00,0.8645317838484483,16,0.5875250115653565,0,0.34504202165885683
102,2023-02-10 10:00:00,0.6495034162488383,14,0.25012761155519125,9,0.34063367048372384
102,2023-02-10 11:00:00,0.6183203549951023,11,0.27898469030009065,4,0.4271927133700914
104,2023-02-10 12:00:00,0.37242501831630065,14,0.21085083899049142,2,0.6416346973284501
104,2023-02-10 13:00:00,0.316650882507886,5,0.36294278186598916,0,0.7474124441091066
102,2023-02-10 14:00:00,0.8972143985680137,13,0.11414745404392165,9,0.14809708113386055
102,2023-02-10 15:00:00,0.6033176345465069,15,0.3693187259339783,1,0.5580306973226805
103,2023-02-10 16:00:00,0.31115706338573473,5,0.43772203303097257,5,0.7425738655177854
101,2023-02-10 17:00:00,0.7602389363782724,11,0.363782043102277,1,0.47231641368882
103,2023-02-10 18:00:00,0.8660746138996223,18,0.14582360644872797,5,0.4151651030586433
101,2023-02-10 19:00:00,0.5559582157481944,5,0.3588111813982313,1,0.6339422391577353
103,2023-02-10 20:00:00,0.5873601485228015,18,0.360622741671336,3,0.48949560818841875
101,2023-02-10 21:00:00,0.7633024289278842,7,0.3650049290882833,1,0.5073598431856337
101,2023-02-10 22:00:00,0.3695109686509107,11,0.2904502225978617,5,0.6015799061267876
104,2023-02-10 23:00:00,0.6111912916287225,17,0.10866000178841465,6,0.38246503207700233
104,2023-02-11 00:00:00,0.8258626877156838,9,0.19059597105329465,6,0.3797415802469144
101,2023-02-11 01:00:00,0.3584221662753896,20,0.20931457652632965,0,0.7233759605729632
101,2023-02-11 02:00:00,0.7261058896912763,16,0.1163943270909403,1,0.4327276283074014
102,2023-02-11 03:00:00,0.4944563385370586,12,0.4168148930665774,5,0.5539071306133146
101,2023-02-11 04:00:00,0.35503233361147335,10,0.4931187701202009,6,0.5910815290582622
103,2023-02-11 05:00:00,0.8820488661017705,12,0.32011498416733475,3,0.2678689101379467
104,2023-02-11 06:00:00,0.6994035386767039,7,0.158644897364026,5,0.4980822121963702
104,2023-02-11 07:00:00,0.8401227305058971,18,0.5950847709800917,9,0.17882578163332552
101,2023-02-11 08:00:00,0.5296120277495613,9,0.5400031148509135,1,0.602105782773359
101,2023-02-11 09:00:00,0.8728556506428677,19,0.5216596290029838,3,0.24640629429019353
103,2023-02-11 10:00:00,0.3147085079064214,13,0.5965152369395174,8,0.7402065876360358
103,2023-02-11 11:00:00,0.7794476287087359,9,0.27704021221022235,1,0.45767731791798455
103,2023-02-11 12:00:00,0.6964427357461709,9,0.5418422847072865,0,0.5634522381473287
104,2023-02-11 13:00:00,0.3395009488914939,11,0.25368132882882377,6,0.7443321464194477
103,2023-02-11 14:00:00,0.5220757367043622,12,0.26544939229115627,1,0.5364407996823197
101,2023-02-11 15:00:00,0.8846877568181977,6,0.38161128795510235,3,0.2676630693728858
